,,,,,,,,Standard,,,,,,,,,,
Rk,Player,Nation,Pos,Squad,Age,Born,90s,Gls,Sh,SoT,SoT%,Sh/90,SoT/90,G/Sh,G/SoT,PK,PKatt,Matches
1,Thelo Aasgaard,no NOR,MF,Wigan Athletic,22,2002,23.1,9,64,27,42.2,2.77,1.17,0.14,0.33,0,0,Matches
2,Azeem Abdulai,sct SCO,"MF,FW",Leyton Orient,21,2002,11.6,4,14,8,57.1,1.2,0.69,0.29,0.5,0,0,Matches
3,Dave Abimbola,,FW,Bolton Wanderers,,,1.2,0,3,0,0,2.6,0,0,,0,0,Matches
4,Ken Aboh,eng ENG,FW,Stevenage,19,2004,0.7,0,3,1,33.3,4.43,1.48,0,0,0,0,Matches
5,Kelvin Abrefa,eng ENG,DF,Reading,20,2003,13.1,0,3,0,0,0.23,0,0,,0,0,Matches
6,Tayo Adaramola,ie IRL,"DF,MF",Stockport,20,2003,2.8,0,3,2,66.7,1.07,0.71,0,0,0,0,Matches
7,Corey Addai,jm JAM,GK,Stockport,26,1997,28,0,0,0,,0,0,,,0,0,Matches
8,Rio Adebisi,eng ENG,"DF,MF",Peterborough United,23,2000,0.1,0,0,0,,0,0,,,0,0,Matches
9,Victor Adeboyejo,eng ENG,FW,Bolton Wanderers,26,1998,13.2,3,23,8,34.8,1.74,0.61,0.13,0.38,0,0,Matches
10,Babajide Adeeko,ie IRL,MF,Wigan Athletic,21,2003,22.4,1,12,7,58.3,0.53,0.31,0.08,0.14,0,0,Matches
11,Ade Adeyemo,eng ENG,MF,Crawley Town,26,1998,12.9,4,19,8,42.1,1.47,0.62,0.21,0.5,0,0,Matches
12,Dan Agyei,eng ENG,"MF,FW",Leyton Orient,27,1997,29,7,60,26,43.3,2.07,0.9,0.12,0.27,0,0,Matches
13,Ashqar Ahmed,,DF,Reading,,,0.7,0,0,0,,0,0,,,0,0,Matches
14,Will Aimson,eng ENG,DF,Wigan Athletic,28,1995,41.1,0,9,4,44.4,0.22,0.1,0,0,0,0,Matches
15,Jack Aitchison,sct SCO,MF,Exeter City,24,2000,19.9,0,35,9,25.7,1.76,0.45,0,0,0,0,Matches
16,David Ajiboye,eng ENG,"MF,DF",Peterborough United,25,1998,2.3,0,0,0,,0,0,,,0,0,Matches
17,Adrian Akande,ng NGA,FW,Reading,20,2003,4.9,0,7,1,14.3,1.43,0.2,0,0,0,0,Matches
18,Lucas Akins,gd GRN,"FW,MF",Mansfield Town,35,1989,29.3,2,30,8,26.7,1.02,0.27,0.07,0.25,0,1,Matches
19,Nicholas Akoto,us USA,"MF,DF",Burton Albion,25,1998,6.9,0,5,2,40,0.73,0.29,0,0,0,0,Matches
20,Millenic Alli,ie IRL,"FW,MF",Exeter City,24,2000,19.6,9,42,19,45.2,2.14,0.97,0.21,0.47,0,1,Matches
21,Ryan Allsop,eng ENG,GK,Birmingham City,32,1992,38,0,0,0,,0,0,,,0,0,Matches
22,Karoy Anderson,jm JAM,MF,Charlton Athletic,19,2004,18.5,2,21,7,33.3,1.13,0.38,0.1,0.29,0,0,Matches
23,Keshi Anderson,eng ENG,MF,Birmingham City,29,1995,24.5,7,39,12,30.8,1.59,0.49,0.18,0.58,0,0,Matches
24,Max Anderson,sct SCO,MF,Crawley Town,23,2001,27.9,3,19,6,31.6,0.68,0.22,0.16,0.5,0,0,Matches
25,Taylor Anderson,eng ENG,DF,Mansfield Town,19,2004,0,0,0,0,,0,0,,,0,0,Matches
Rk,Player,Nation,Pos,Squad,Age,Born,90s,Gls,Sh,SoT,SoT%,Sh/90,SoT/90,G/Sh,G/SoT,PK,PKatt,Matches
26,Benoný Andrésson,is ISL,FW,Stockport,18,2005,3.1,4,11,7,63.6,3.55,2.26,0.36,0.57,0,0,Matches
27,Danny Andrew,eng ENG,"DF,MF",Cambridge United,33,1990,25.4,1,18,4,22.2,0.71,0.16,0.06,0.25,0,0,Matches
28,Joseph Andrews,wls WAL,MF,Peterborough United,18,2006,0.1,0,1,0,0,9,0,0,,0,0,Matches
29,Chuks Aneke,eng ENG,"FW,MF",Charlton Athletic,31,1993,7.1,1,42,10,23.8,5.93,1.41,0.02,0.1,0,0,Matches
30,Louis Appere,sct SCO,FW,Stevenage,25,1999,7,0,8,3,37.5,1.14,0.43,0,0,0,0,Matches
31,Robert Apter,sct SCO,MF,Blackpool,21,2003,35.6,8,69,26,37.7,1.94,0.73,0.12,0.31,0,0,Matches
32,Scott Arfield,ca CAN,MF,Bolton Wanderers,35,1988,3.5,0,6,3,50,1.73,0.87,0,0,0,0,Matches
33,Jack Armer,sct SCO,DF,Burton Albion,23,2001,34.1,0,6,2,33.3,0.18,0.06,0,0,0,0,Matches
34,Maleace Asamoah,eng ENG,"FW,MF",Wigan Athletic,21,2002,9.8,1,18,7,38.9,1.85,0.72,0.06,0.14,0,0,Matches
35,Taye Ashby-Hammond,eng ENG,GK,Stevenage,25,1999,9,0,0,0,,0,0,,,0,0,Matches
36,Zachary Ashworth,wls WAL,DF,Blackpool,21,2002,2.1,0,1,0,0,0.49,0,0,,0,0,Matches
37,Femi Azeez,eng ENG,MF,Reading,23,2001,0.3,0,3,2,66.7,9.31,6.21,0,0,0,0,Matches
38,Keanu Baccus,au AUS,MF,Mansfield Town,26,1998,29.7,4,65,18,27.7,2.19,0.61,0.06,0.22,0,0,Matches
39,Fin Back,eng ENG,DF,Wycombe Wanderers,21,2002,0.8,0,0,0,,0,0,,,0,0,Matches
40,Elkan Baggott,id IDN,DF,Blackpool,21,2002,14.8,0,6,1,16.7,0.41,0.07,0,0,0,0,Matches
41,Odin Bailey,eng ENG,MF,Stockport,24,1999,10.9,2,16,8,50,1.46,0.73,0.13,0.25,0,0,Matches
42,Geraldo Bajrami,al ALB,DF,Burton Albion,24,1999,0.2,0,0,0,,0,0,,,0,0,Matches
43,Tyreeq Bakinson,eng ENG,MF,Wycombe Wanderers,25,1998,9.9,0,18,4,22.2,1.82,0.4,0,0,0,0,Matches
44,Jack Baldwin,eng ENG,DF,Northampton Town,31,1993,12.6,1,5,3,60,0.4,0.24,0.2,0.33,0,0,Matches
45,Radinio Balker,sr SUR,DF,Huddersfield Town,25,1998,8.6,0,3,1,33.3,0.35,0.12,0,0,0,0,Matches
46,Dominic Ball,eng ENG,MF,Leyton Orient,28,1995,14.2,0,8,1,12.5,0.56,0.07,0,0,0,0,Matches
47,Dominic Ballard,eng ENG,FW,Cambridge United,19,2005,10.7,2,18,5,27.8,1.69,0.47,0.11,0.4,0,0,Matches
48,Dominic Ballard,eng ENG,"FW,MF",Blackpool,19,2005,8.8,1,23,8,34.8,2.61,0.91,0.04,0.13,0,0,Matches
49,Alex Bannon,sct SCO,"DF,MF",Burton Albion,20,2003,8.1,0,2,2,100,0.25,0.25,0,0,0,0,Matches
50,Charlie Barker,eng ENG,DF,Crawley Town,21,2003,37.4,1,13,3,23.1,0.35,0.08,0.08,0.33,0,0,Matches
Rk,Player,Nation,Pos,Squad,Age,Born,90s,Gls,Sh,SoT,SoT%,Sh/90,SoT/90,G/Sh,G/SoT,PK,PKatt,Matches
51,Ryan Barnett,eng ENG,"DF,MF",Wrexham,24,1999,31.9,2,24,8,33.3,0.75,0.25,0.08,0.25,0,0,Matches
52,Connor Barrett,eng ENG,DF,Barnsley,22,2002,2,0,0,0,,0,0,,,0,0,Matches
53,Louie Barry,eng ENG,"MF,FW",Stockport,21,2003,19.9,15,71,37,52.1,3.58,1.86,0.15,0.3,4,4,Matches
54,Jaiden Bartolo,gi GIB,FW,Wycombe Wanderers,18,2006,0.4,0,0,0,,0,0,,,0,0,Matches
55,Daniel Barton,eng ENG,"MF,FW",Cambridge United,19,2005,6.8,0,6,1,16.7,0.88,0.15,0,0,0,0,Matches
56,Lewis Bate,eng ENG,MF,Stockport,21,2002,26.3,2,21,8,38.1,0.8,0.3,0.1,0.25,0,0,Matches
57,Ellis Bates,,DF,Stevenage,,,0,0,0,0,,0,0,,,0,0,Matches
58,Nathan Baxter,eng ENG,GK,Bolton Wanderers,25,1998,26,0,0,0,,0,0,,,0,0,Matches
59,Tom Bayliss,eng ENG,MF,Lincoln City,25,1999,22.4,3,26,9,34.6,1.16,0.4,0.12,0.33,0,0,Matches
60,Omar Beckles,gd GRN,DF,Leyton Orient,32,1991,29.5,3,16,6,37.5,0.54,0.2,0.19,0.5,0,0,Matches
61,Jake Beesley,eng ENG,"FW,MF",Blackpool,27,1996,5.4,1,14,2,14.3,2.6,0.37,0.07,0.5,0,0,Matches
62,Liam Bennett,eng ENG,"MF,DF",Cambridge United,22,2001,33.3,1,16,6,37.5,0.48,0.18,0.06,0.17,0,0,Matches
63,Mason Bennett,eng ENG,"MF,FW",Burton Albion,28,1996,15.8,2,27,11,40.7,1.71,0.7,0.04,0.09,1,1,Matches
64,Malvind Benning,eng ENG,"DF,MF",Shrewsbury Town,30,1993,40.2,3,34,14,41.2,0.84,0.35,0.06,0.14,1,1,Matches
65,Josh Benson,eng ENG,MF,Barnsley,24,1999,4.5,1,9,4,44.4,1.99,0.88,0.11,0.25,0,0,Matches
66,James Berry,eng ENG,MF,Wycombe Wanderers,23,2000,0.4,0,3,1,33.3,7.3,2.43,0,0,0,0,Matches
67,Luke Berry,eng ENG,MF,Charlton Athletic,32,1992,26.9,7,69,26,37.7,2.57,0.97,0.1,0.27,0,0,Matches
68,Krystian Bielik,pl POL,DF,Birmingham City,26,1998,20.5,1,13,5,38.5,0.63,0.24,0.08,0.2,0,0,Matches
69,Harrison Biggins,eng ENG,MF,Shrewsbury Town,28,1996,8.1,0,13,1,7.7,1.6,0.12,0,0,0,0,Matches
70,Nicholas Bilokapic,au AUS,GK,Peterborough United,21,2002,18,0,0,0,,0,0,,,0,0,Matches
71,Bryant Bilongo,eng ENG,"MF,DF",Bristol Rovers,22,2001,9.3,1,6,2,33.3,0.64,0.21,0.17,0.5,0,0,Matches
72,Tyler Bindon,nz NZL,DF,Reading,19,2005,43.8,2,23,8,34.8,0.53,0.18,0.09,0.25,0,0,Matches
73,Jay Bird,eng ENG,FW,Exeter City,23,2001,2.9,0,3,2,66.7,1.04,0.69,0,0,0,0,Matches
74,Nathan Bishop,eng ENG,GK,Cambridge United,24,1999,13.4,0,0,0,,0,0,,,0,0,Matches
75,Nathan Bishop,eng ENG,GK,Wycombe Wanderers,24,1999,2,0,0,0,,0,0,,,0,0,Matches
Rk,Player,Nation,Pos,Squad,Age,Born,90s,Gls,Sh,SoT,SoT%,Sh/90,SoT/90,G/Sh,G/SoT,PK,PKatt,Matches
76,Jamal Blackman,eng ENG,GK,Shrewsbury Town,30,1993,27,0,0,0,,0,0,,,0,0,Matches
77,Will Blackmore,eng ENG,GK,Peterborough United,21,2003,3,0,0,0,,0,0,,,0,0,Matches
78,Frazer Blake-Tracy,eng ENG,"MF,DF",Mansfield Town,28,1995,13.6,0,6,0,0,0.44,0,0,,0,0,Matches
79,Jonathan Bland,wls WAL,"MF,DF",Barnsley,18,2005,7.2,0,7,1,14.3,0.97,0.14,0,0,0,0,Matches
80,Tom Bloxham,eng ENG,FW,Blackpool,21,2003,7.4,2,18,9,50,2.45,1.22,0.11,0.22,0,0,Matches
81,Tom Bloxham,eng ENG,"MF,FW",Shrewsbury Town,21,2003,14.2,4,27,10,37,1.9,0.7,0.15,0.4,0,0,Matches
82,Hiram Boateng,eng ENG,MF,Mansfield Town,28,1996,22.2,2,28,6,21.4,1.26,0.27,0.07,0.33,0,0,Matches
83,Billy Bodin,wls WAL,"MF,FW",Burton Albion,32,1992,6.8,4,21,7,33.3,3.11,1.04,0.19,0.57,0,0,Matches
84,Billy Bodin,wls WAL,FW,Reading,32,1992,3.9,2,8,3,37.5,2.04,0.76,0.25,0.67,0,0,Matches
85,Terry Bondo,eng ENG,FW,Blackpool,17,2007,0.6,0,4,1,25,6.21,1.55,0,0,0,0,Matches
86,Pedro Borges,pt POR,MF,Exeter City,19,2005,0.1,0,0,0,,0,0,,,0,0,Matches
87,Jordan Bowery,kn SKN,"DF,MF",Mansfield Town,33,1991,33.2,1,13,2,15.4,0.39,0.06,0.08,0.5,0,0,Matches
88,Coniah Boyce-Clarke,jm JAM,GK,Reading,21,2003,1,0,0,0,,0,0,,,0,0,Matches
89,Sonny Bradley,eng ENG,DF,Wycombe Wanderers,32,1991,16.2,1,10,1,10,0.62,0.06,0.1,1,0,0,Matches
90,Cameron Bragg,eng ENG,MF,Crawley Town,19,2005,2.4,0,1,0,0,0.41,0,0,,0,0,Matches
91,Cohen Bramall,eng ENG,"MF,DF",Rotherham United,28,1996,8.9,0,7,2,28.6,0.79,0.22,0,0,0,0,Matches
92,Alejandro Bran,cr CRC,MF,Burton Albion,23,2001,0.1,0,2,1,50,30,15,0,0,0,0,Matches
93,James Brophy,eng ENG,MF,Cambridge United,30,1994,39.9,3,33,10,30.3,0.83,0.25,0.09,0.3,0,0,Matches
94,Patrick Brough,eng ENG,DF,Northampton Town,28,1996,1.1,0,1,1,100,0.91,0.91,0,0,0,0,Matches
95,Jordan Brown,eng ENG,MF,Leyton Orient,23,2001,37.4,2,37,11,29.7,0.99,0.29,0.05,0.18,0,0,Matches
96,Lewis Brunt,eng ENG,DF,Wrexham,23,2000,21.1,0,7,0,0,0.33,0,0,,0,0,Matches
97,Lee Buchanan,eng ENG,"DF,MF",Birmingham City,23,2001,1.5,1,1,1,100,0.66,0.66,1,1,0,0,Matches
98,Lee Burge,eng ENG,GK,Northampton Town,31,1993,29.7,0,0,0,,0,0,,,0,0,Matches
99,Rumarn Burrell,jm JAM,FW,Burton Albion,23,2000,23.8,11,39,23,59,1.64,0.97,0.28,0.48,0,0,Matches
100,Callum Burton,eng ENG,GK,Wrexham,27,1996,3.2,0,0,0,,0,0,,,0,0,Matches
Rk,Player,Nation,Pos,Squad,Age,Born,90s,Gls,Sh,SoT,SoT%,Sh/90,SoT/90,G/Sh,G/SoT,PK,PKatt,Matches
101,Matt Butcher,eng ENG,MF,Wycombe Wanderers,27,1997,2.9,0,3,2,66.7,1.03,0.68,0,0,0,0,Matches
102,Matt Butcher,eng ENG,MF,Bristol Rovers,27,1997,16.3,0,11,1,9.1,0.68,0.06,0,0,0,0,Matches
103,Dan Butler,eng ENG,DF,Stevenage,29,1994,27.9,0,12,2,16.7,0.43,0.07,0,0,0,0,Matches
104,David Button,eng ENG,GK,Reading,35,1989,5,0,0,0,,0,0,,,0,0,Matches
105,Bailey-Tye Cadamarteri,jm JAM,FW,Lincoln City,19,2005,12.5,5,31,13,41.9,2.49,1.04,0.16,0.38,0,0,Matches
106,Mamadi Camará,gw GNB,FW,Reading,20,2003,18,3,17,9,52.9,0.94,0.5,0.18,0.33,0,0,Matches
107,Panutche Camará,gw GNB,MF,Crawley Town,27,1997,28.4,4,30,9,30,1.06,0.32,0.13,0.44,0,0,Matches
108,Allan Campbell,sct SCO,MF,Charlton Athletic,26,1998,6.1,0,6,0,0,0.98,0,0,,0,0,Matches
109,Chem Campbell,wls WAL,FW,Reading,21,2002,33.8,5,48,21,43.8,1.42,0.62,0.1,0.24,0,0,Matches
110,Tyreece Campbell,jm JAM,"MF,FW",Charlton Athletic,20,2003,36.3,7,62,26,41.9,1.71,0.72,0.11,0.27,0,0,Matches
111,Callum Camps,nir NIR,MF,Stockport,28,1995,19.4,1,25,5,20,1.29,0.26,0.04,0.2,0,0,Matches
112,Andy Cannon,eng ENG,MF,Wrexham,28,1996,15.1,2,18,3,16.7,1.19,0.2,0.11,0.67,0,0,Matches
113,Mustapha Carayol,gm GAM,MF,Exeter City,35,1988,1.2,0,0,0,,0,0,,,0,0,Matches
114,Sonny Carey,eng ENG,MF,Blackpool,23,2001,23.3,8,62,30,48.4,2.66,1.29,0.11,0.23,1,1,Matches
115,Baily Cargill,eng ENG,DF,Mansfield Town,29,1995,29.8,1,14,2,14.3,0.47,0.07,0.07,0.5,0,0,Matches
116,James Carragher,mt MLT,DF,Wigan Athletic,21,2002,25.3,2,8,3,37.5,0.32,0.12,0.25,0.67,0,0,Matches
117,Tom Carroll,eng ENG,MF,Reading,32,1992,0.8,0,0,0,,0,0,,,0,0,Matches
118,Oliver Casey,eng ENG,DF,Blackpool,23,2000,42.4,3,28,9,32.1,0.66,0.21,0.11,0.33,0,0,Matches
119,Leo Castledine,eng ENG,MF,Shrewsbury Town,18,2005,16,2,35,7,20,2.18,0.44,0.06,0.29,0,0,Matches
120,Joel Castro Pereira,pt POR,GK,Reading,28,1996,40,0,0,0,,0,0,,,0,0,Matches
121,Luke Chambers,eng ENG,DF,Wigan Athletic,20,2004,11,1,2,1,50,0.18,0.09,0.5,1,0,0,Matches
122,Andre Changunda,,FW,Peterborough United,,,0.3,0,0,0,,0,0,,,0,0,Matches
123,Jacob Chapman,au AUS,GK,Huddersfield Town,23,2000,23,0,0,0,,0,0,,,0,0,Matches
124,Dion Charles,nir NIR,FW,Bolton Wanderers,28,1995,14.2,7,45,21,46.7,3.17,1.48,0.11,0.24,2,3,Matches
125,Dion Charles,nir NIR,FW,Huddersfield Town,28,1995,12.6,0,26,5,19.2,2.06,0.4,0,0,0,0,Matches
Rk,Player,Nation,Pos,Squad,Age,Born,90s,Gls,Sh,SoT,SoT%,Sh/90,SoT/90,G/Sh,G/SoT,PK,PKatt,Matches
126,Kgagelo Chauke,eng ENG,MF,Burton Albion,21,2003,31.4,1,9,4,44.4,0.29,0.13,0.11,0.25,0,0,Matches
127,Tawanda Chirewa,zw ZIM,MF,Huddersfield Town,20,2003,6.4,0,12,0,0,1.88,0,0,,0,0,Matches
128,Samy Chouchane,tn TUN,MF,Northampton Town,20,2003,15.1,0,8,2,25,0.53,0.13,0,0,0,0,Matches
129,Sean Clare,eng ENG,"MF,DF",Leyton Orient,27,1996,19.1,3,11,3,27.3,0.58,0.16,0.27,1,0,0,Matches
130,Jonson Clarke-Harris,jm JAM,FW,Rotherham United,30,1994,19.1,7,45,17,37.8,2.35,0.89,0.09,0.24,3,3,Matches
131,Max Cleworth,wls WAL,DF,Wrexham,21,2002,42,7,33,13,39.4,0.79,0.31,0.21,0.54,0,0,Matches
132,Sam Clucas,eng ENG,MF,Lincoln City,33,1990,2.6,1,6,1,16.7,2.32,0.39,0.17,1,0,0,Matches
133,Alex Cochrane,eng ENG,DF,Birmingham City,24,2000,40,1,20,2,10,0.5,0.05,0.05,0.5,0,0,Matches
134,Josh Cogley,eng ENG,"MF,DF",Bolton Wanderers,28,1996,34,1,7,3,42.9,0.21,0.09,0.14,0.33,0,0,Matches
135,Reece Cole,eng ENG,MF,Exeter City,26,1998,10.6,3,32,11,34.4,3.01,1.03,0.09,0.27,0,0,Matches
136,Will Collar,eng ENG,MF,Stockport,27,1997,34.9,8,54,26,48.1,1.55,0.75,0.13,0.27,1,1,Matches
137,Aaron Collins,wls WAL,"FW,MF",Bolton Wanderers,27,1997,35.7,12,109,38,34.9,3.05,1.06,0.11,0.32,0,0,Matches
138,Archie Collins,eng ENG,MF,Peterborough United,24,1999,36.5,1,26,10,38.5,0.71,0.27,0.04,0.1,0,1,Matches
139,James Collins,ie IRL,FW,Lincoln City,33,1990,14.4,10,39,19,48.7,2.71,1.32,0.23,0.47,1,2,Matches
140,Joel Colwill,wls WAL,"MF,FW",Exeter City,19,2004,11,0,15,3,20,1.37,0.27,0,0,0,0,Matches
141,Chris Conn-Clarke,nir NIR,MF,Peterborough United,22,2001,12.2,1,38,12,31.6,3.12,0.99,0.03,0.08,0,0,Matches
142,Luca Connell,ie IRL,MF,Barnsley,23,2001,35.4,2,49,5,10.2,1.38,0.14,0.04,0.4,0,0,Matches
143,Callum Connolly,eng ENG,DF,Stockport,26,1997,29.4,1,30,10,33.3,1.02,0.34,0.03,0.1,0,0,Matches
144,Dion Conroy,eng ENG,DF,Crawley Town,28,1995,20.4,0,7,1,14.3,0.34,0.05,0,0,0,0,Matches
145,Kamil Conteh,sl SLE,MF,Bristol Rovers,21,2002,17.9,0,9,3,33.3,0.5,0.17,0,0,0,0,Matches
146,Brandon Cooper,wls WAL,DF,Leyton Orient,24,2000,18.1,0,17,8,47.1,0.94,0.44,0,0,0,0,Matches
147,Jack Cooper Love,se SWE,"MF,FW",Burton Albion,22,2001,7.6,2,9,3,33.3,1.18,0.39,0.22,0.67,0,0,Matches
148,Murphy Cooper,eng ENG,GK,Stevenage,22,2001,37,0,0,0,,0,0,,,0,0,Matches
149,Sam Cosgrove,eng ENG,FW,Barnsley,27,1996,9.2,1,22,7,31.8,2.4,0.76,0.05,0.14,0,0,Matches
150,Sam Cosgrove,eng ENG,FW,Stockport,27,1996,1.3,0,3,1,33.3,2.23,0.74,0,0,0,0,Matches
Rk,Player,Nation,Pos,Squad,Age,Born,90s,Gls,Sh,SoT,SoT%,Sh/90,SoT/90,G/Sh,G/SoT,PK,PKatt,Matches
151,Dara Costelloe,ie IRL,FW,Northampton Town,21,2002,13.9,6,29,15,51.7,2.09,1.08,0.17,0.33,1,1,Matches
152,Barry Cotter,ie IRL,MF,Barnsley,25,1998,13.8,0,20,6,30,1.45,0.44,0,0,0,0,Matches
153,Hayden Coulson,eng ENG,"DF,MF",Blackpool,26,1998,25.6,0,13,2,15.4,0.51,0.08,0,0,0,0,Matches
154,Jordan Cousins,eng ENG,MF,Cambridge United,30,1994,23.3,1,14,4,28.6,0.6,0.17,0.07,0.25,0,0,Matches
155,Conor Coventry,ie IRL,MF,Charlton Athletic,24,2000,42.3,1,24,6,25,0.57,0.14,0.04,0.17,0,0,Matches
156,Matthew Cox,eng ENG,GK,Crawley Town,21,2003,3,0,0,0,,0,0,,,0,0,Matches
157,Sonny Cox,eng ENG,FW,Exeter City,19,2004,8.6,1,7,3,42.9,0.81,0.35,0.14,0.33,0,0,Matches
158,Matthew Craig,sct SCO,MF,Mansfield Town,21,2003,3.1,1,3,1,33.3,0.98,0.33,0.33,1,0,0,Matches
159,Matthew Craig,sct SCO,MF,Barnsley,21,2003,8.8,0,2,0,0,0.23,0,0,,0,0,Matches
160,Michael Craig,sct SCO,DF,Reading,21,2003,28.5,2,13,2,15.4,0.46,0.07,0.15,1,0,0,Matches
161,Tristan Crama,fr FRA,DF,Exeter City,22,2001,21.3,3,13,3,23.1,0.61,0.14,0.23,1,0,0,Matches
162,Max Crocombe,nz NZL,GK,Burton Albion,30,1993,43,0,0,0,,0,0,,,0,0,Matches
163,Jack Currie,eng ENG,DF,Leyton Orient,21,2002,33.3,0,8,0,0,0.24,0,0,,0,0,Matches
164,Sam Curtis,ie IRL,"DF,MF",Peterborough United,18,2005,10.1,0,1,0,0,0.1,0,0,,0,0,Matches
165,James Dadge,eng ENG,GK,Northampton Town,19,2004,0.1,0,0,0,,0,0,,,0,0,Matches
166,Sam Dalby,eng ENG,FW,Wrexham,24,2000,0.2,0,0,0,,0,0,,,0,0,Matches
167,Owen Dale,eng ENG,MF,Wigan Athletic,25,1998,14.3,1,20,8,40,1.4,0.56,0.05,0.13,0,0,Matches
168,Ronan Darcy,eng ENG,"MF,FW",Crawley Town,23,2000,18.4,1,47,14,29.8,2.56,0.76,0.02,0.07,0,0,Matches
169,Ronan Darcy,eng ENG,"MF,FW",Wigan Athletic,23,2000,8,1,11,3,27.3,1.37,0.37,0.09,0.33,0,0,Matches
170,Tendayi Darikwa,zw ZIM,"MF,DF",Lincoln City,32,1991,42.4,5,30,9,30,0.71,0.21,0.17,0.56,0,0,Matches
171,Ben Davies,eng ENG,DF,Birmingham City,28,1995,32.9,1,10,1,10,0.3,0.03,0.1,1,0,0,Matches
172,Cameron Dawson,eng ENG,GK,Rotherham United,29,1995,13.9,0,0,0,,0,0,,,0,0,Matches
173,Jón Daði Böðvarsson,is ISL,FW,Burton Albion,32,1992,9.1,5,16,5,31.3,1.76,0.55,0.31,1,0,0,Matches
174,Jón Daði Böðvarsson,is ISL,FW,Wrexham,32,1992,1,0,2,0,0,1.98,0,0,,0,0,Matches
175,Ryan De Havilland,eng ENG,MF,Peterborough United,23,2001,16.5,2,18,6,33.3,1.09,0.36,0.11,0.33,0,0,Matches
Rk,Player,Nation,Pos,Squad,Age,Born,90s,Gls,Sh,SoT,SoT%,Sh/90,SoT/90,G/Sh,G/SoT,PK,PKatt,Matches
176,Harlee Dean,eng ENG,DF,Reading,33,1991,8.2,0,4,3,75,0.49,0.37,0,0,0,0,Matches
177,Tom Dean,eng ENG,MF,Exeter City,18,2005,1.6,0,4,1,25,2.55,0.64,0,0,0,0,Matches
178,Finn Delap,eng ENG,DF,Burton Albion,19,2005,2.9,0,1,0,0,0.34,0,0,,0,0,Matches
179,Siriki Dembélé,ci CIV,MF,Birmingham City,27,1996,0.5,0,1,0,0,2,0,0,,0,0,Matches
180,Kyle Dempsey,eng ENG,MF,Bolton Wanderers,28,1995,8.2,3,19,4,21.1,2.32,0.49,0.16,0.75,0,0,Matches
181,Ollie Dewsbury,wls WAL,FW,Bristol Rovers,16,2008,1.7,0,1,0,0,0.58,0,0,,0,0,Matches
182,Cheick Diabate,eng ENG,"MF,DF",Exeter City,22,2002,2.6,0,1,0,0,0.39,0,0,,0,0,Matches
183,Jack Diamond,eng ENG,MF,Stockport,24,2000,18.1,5,38,15,39.5,2.1,0.83,0.13,0.33,0,0,Matches
184,Matt Dibley-Dias,nz NZL,MF,Northampton Town,20,2004,0.7,0,1,0,0,1.45,0,0,,0,0,Matches
185,Paul Digby,eng ENG,MF,Cambridge United,29,1995,26.7,1,7,2,28.6,0.26,0.07,0.14,0.5,0,0,Matches
186,Ricardo Dinanga,ie IRL,FW,Shrewsbury Town,22,2001,0.1,0,0,0,,0,0,,,0,0,Matches
187,Kaheim Dixon,jm JAM,FW,Charlton Athletic,19,2004,0.6,0,1,0,0,1.55,0,0,,0,0,Matches
188,George Dobson,eng ENG,MF,Wrexham,26,1997,36.1,1,16,4,25,0.44,0.11,0.06,0.25,0,0,Matches
189,Neo Dobson,,FW,Northampton Town,,,0.8,0,0,0,,0,0,,,0,0,Matches
190,Greg Docherty,sct SCO,MF,Charlton Athletic,27,1996,35.1,4,41,14,34.1,1.17,0.4,0.1,0.29,0,0,Matches
191,Owen Dodgson,eng ENG,"MF,DF",Burton Albion,21,2003,20.8,1,14,3,21.4,0.67,0.14,0.07,0.33,0,0,Matches
192,Jamie Donley,nir NIR,MF,Leyton Orient,19,2005,30.6,8,56,17,30.4,1.83,0.55,0.14,0.47,0,0,Matches
193,Romelle Donovan,eng ENG,MF,Burton Albion,17,2006,2,0,5,0,0,2.5,0,0,,0,0,Matches
194,James Dornelly,eng ENG,DF,Peterborough United,19,2005,18.6,1,4,2,50,0.21,0.11,0.25,0.5,0,0,Matches
195,Jeriel Dorsett,ms MSR,DF,Reading,22,2002,9.1,0,6,2,33.3,0.66,0.22,0,0,0,0,Matches
196,Hamish Douglas,eng ENG,MF,Rotherham United,19,2005,0.3,0,0,0,,0,0,,,0,0,Matches
197,Kieran Dowell,eng ENG,MF,Birmingham City,26,1997,16.2,5,35,13,37.1,2.16,0.8,0.09,0.23,2,2,Matches
198,Kamari Doyle,eng ENG,"MF,FW",Exeter City,18,2005,9.1,3,17,8,47.1,1.86,0.87,0.18,0.38,0,0,Matches
199,Kamari Doyle,eng ENG,"FW,MF",Crawley Town,18,2005,14.5,7,35,14,40,2.41,0.97,0.2,0.5,0,0,Matches
200,Freddie Draper,eng ENG,FW,Lincoln City,20,2004,14.2,4,37,13,35.1,2.61,0.92,0.08,0.23,1,1,Matches
Rk,Player,Nation,Pos,Squad,Age,Born,90s,Gls,Sh,SoT,SoT%,Sh/90,SoT/90,G/Sh,G/SoT,PK,PKatt,Matches
201,Dylan Duffy,ie IRL,MF,Lincoln City,21,2002,3.3,0,3,0,0,0.9,0,0,,0,0,Matches
202,Paul Dummett,wls WAL,DF,Wigan Athletic,32,1991,0.4,0,0,0,,0,0,,,0,0,Matches
203,Dom Dwyer,us USA,FW,Mansfield Town,34,1990,4.9,4,12,7,58.3,2.46,1.44,0.33,0.57,0,0,Matches
204,Max Dyche,eng ENG,DF,Northampton Town,21,2003,14.8,0,4,0,0,0.27,0,0,,0,0,Matches
205,Josiah Dyer,ms MSR,FW,Barnsley,19,2004,0,0,1,1,100,22.5,22.5,0,0,0,0,Matches
206,Lyndon Dykes,sct SCO,"FW,MF",Birmingham City,28,1995,10.5,1,29,9,31,2.77,0.86,0.03,0.11,0,0,Matches
207,Josh Earl,eng ENG,DF,Barnsley,25,1998,32.5,2,20,7,35,0.62,0.22,0.1,0.29,0,0,Matches
208,Tom Eaves,eng ENG,FW,Northampton Town,32,1992,15.2,5,30,16,53.3,1.98,1.06,0.17,0.31,0,0,Matches
209,Neo Eccleston,eng ENG,DF,Huddersfield Town,20,2003,2.2,0,2,1,50,0.92,0.46,0,0,0,0,Matches
210,Rarmani Edmonds-Green,eng ENG,DF,Leyton Orient,25,1999,16.3,0,2,0,0,0.12,0,0,,0,0,Matches
211,Rarmani Edmonds-Green,eng ENG,DF,Charlton Athletic,25,1999,6.2,1,2,1,50,0.32,0.16,0.5,1,0,0,Matches
212,Tayo Edun,eng ENG,DF,Peterborough United,26,1998,16.3,2,8,4,50,0.49,0.25,0.25,0.5,0,0,Matches
213,Joshua Edwards,eng ENG,"DF,MF",Charlton Athletic,24,2000,34.8,1,10,3,30,0.29,0.09,0.1,0.33,0,0,Matches
214,Kyle Edwards,eng ENG,MF,Stevenage,26,1998,3.8,0,6,0,0,1.59,0,0,,0,0,Matches
215,Kelvin Ehibhatiomhan,eng ENG,FW,Reading,21,2003,24.8,4,28,11,39.3,1.13,0.44,0.14,0.36,0,0,Matches
216,Ben Elliott,cm CMR,MF,Reading,21,2002,16.4,2,27,9,33.3,1.65,0.55,0.07,0.22,0,0,Matches
217,Elliot Embleton,eng ENG,MF,Blackpool,25,1999,5.3,0,12,1,8.3,2.25,0.19,0,0,0,0,Matches
218,Isaac England,,DF,Shrewsbury Town,,,0.2,0,0,0,,0,0,,,0,0,Matches
219,Niall Ennis,eng ENG,FW,Blackpool,25,1999,15.7,7,33,15,45.5,2.1,0.95,0.21,0.47,0,0,Matches
220,Kai Enslin,jp JPN,MF,Charlton Athletic,18,2005,0,0,0,0,,0,0,,,0,0,Matches
221,Ethan Erhahon,sct SCO,MF,Lincoln City,23,2001,26.7,0,4,0,0,0.15,0,0,,0,0,Matches
222,Kion Etete,eng ENG,FW,Bolton Wanderers,22,2001,0.9,0,2,0,0,2.31,0,0,,0,0,Matches
223,Antony Evans,eng ENG,MF,Huddersfield Town,25,1998,21.7,2,37,9,24.3,1.71,0.41,0.05,0.22,0,0,Matches
224,George Evans,eng ENG,MF,Wrexham,29,1994,1.5,0,1,0,0,0.67,0,0,,0,0,Matches
225,Lee Evans,wls WAL,MF,Blackpool,30,1994,39.1,4,43,13,30.2,1.1,0.33,0.02,0.08,3,3,Matches
Rk,Player,Nation,Pos,Squad,Age,Born,90s,Gls,Sh,SoT,SoT%,Sh/90,SoT/90,G/Sh,G/SoT,PK,PKatt,Matches
226,Will Evans,wls WAL,FW,Mansfield Town,27,1997,33.8,13,81,32,39.5,2.4,0.95,0.16,0.41,0,0,Matches
227,Timothy Eyoma,eng ENG,DF,Northampton Town,24,2000,18.1,0,5,2,40,0.28,0.11,0,0,0,0,Matches
228,Mo Faal,eng ENG,FW,Wrexham,21,2003,0.8,0,4,0,0,5.14,0,0,,0,0,Matches
229,Conor Falls,nir NIR,MF,Huddersfield Town,20,2004,0,0,0,0,,0,0,,,0,0,Matches
230,Neil Farrugia,ie IRL,MF,Barnsley,25,1999,5.5,0,1,0,0,0.18,0,0,,0,0,Matches
231,Rory Feely,ie IRL,DF,Crawley Town,27,1997,2.1,0,0,0,,0,0,,,0,0,Matches
232,Josh Feeney,eng ENG,DF,Shrewsbury Town,19,2005,34.8,1,8,3,37.5,0.23,0.09,0.13,0.33,0,0,Matches
233,Morgan Feeney,eng ENG,DF,Shrewsbury Town,25,1999,32.9,1,14,5,35.7,0.43,0.15,0.07,0.2,0,0,Matches
234,Emmanuel Fernandez,eng ENG,DF,Peterborough United,22,2001,26.4,5,23,7,30.4,0.87,0.27,0.22,0.71,0,0,Matches
235,Jayden Fevrier,eng ENG,MF,Stockport,21,2003,11.6,3,30,10,33.3,2.59,0.86,0.1,0.3,0,0,Matches
236,Ryan Finnigan,eng ENG,MF,Blackpool,20,2003,2.3,1,5,2,40,2.17,0.87,0.2,0.5,0,0,Matches
237,Lewis Fiorini,sct SCO,MF,Stockport,22,2002,3.4,0,6,1,16.7,1.76,0.29,0,0,0,0,Matches
238,Sonny Fish,eng ENG,FW,Crawley Town,20,2004,0.2,0,0,0,,0,0,,,0,0,Matches
239,Jack Fitzwater,eng ENG,DF,Exeter City,26,1997,12.3,1,5,2,40,0.41,0.16,0.2,0.5,0,0,Matches
240,Kieran Flavell,eng ENG,GK,Barnsley,20,2003,6.9,0,0,0,,0,0,,,0,0,Matches
241,Ashley Fletcher,eng ENG,FW,Blackpool,28,1995,27.5,11,60,25,41.7,2.18,0.91,0.18,0.44,0,0,Matches
242,Steven Fletcher,sct SCO,FW,Wrexham,37,1987,12,8,54,25,46.3,4.49,2.08,0.11,0.24,2,2,Matches
243,Scott Flinders,eng ENG,GK,Mansfield Town,38,1986,7.7,0,0,0,,0,0,,,0,0,Matches
244,Aden Flint,eng ENG,DF,Mansfield Town,35,1989,16.7,1,15,6,40,0.9,0.36,0.07,0.17,0,0,Matches
245,Josh Flint,eng ENG,DF,Crawley Town,23,2000,14.5,0,14,2,14.3,0.97,0.14,0,0,0,0,Matches
246,Michael Forbes,nir NIR,DF,Bristol Rovers,20,2004,1.8,0,0,0,,0,0,,,0,0,Matches
247,Anthony Forde,ie IRL,MF,Burton Albion,30,1993,3.7,0,2,1,50,0.54,0.27,0,0,0,0,Matches
248,Shaqai Forde,eng ENG,"MF,FW",Bristol Rovers,20,2004,16.5,2,21,10,47.6,1.27,0.61,0.1,0.2,0,0,Matches
249,William Forrester,eng ENG,DF,Bolton Wanderers,23,2001,19,0,12,1,8.3,0.63,0.05,0,0,0,0,Matches
250,Harry Forster,eng ENG,"MF,DF",Crawley Town,24,2000,16.2,2,18,5,27.8,1.11,0.31,0.11,0.4,0,0,Matches
Rk,Player,Nation,Pos,Squad,Age,Born,90s,Gls,Sh,SoT,SoT%,Sh/90,SoT/90,G/Sh,G/SoT,PK,PKatt,Matches
251,Jake Forster-Caskey,eng ENG,MF,Stevenage,30,1994,0.5,0,0,0,,0,0,,,0,0,Matches
252,Tariqe Fosu,gh GHA,"MF,FW",Northampton Town,28,1995,18.1,4,35,15,42.9,1.93,0.83,0.11,0.27,0,1,Matches
253,Ben Fox,eng ENG,MF,Northampton Town,26,1998,9.1,0,5,3,60,0.55,0.33,0,0,0,0,Matches
254,Ed Francis,eng ENG,"MF,DF",Exeter City,24,1999,33.5,2,23,3,13,0.69,0.09,0.09,0.67,0,0,Matches
255,Tyrese Francois,au AUS,MF,Wigan Athletic,24,2000,3.4,0,3,0,0,0.87,0,0,,0,0,Matches
256,Liam Fraser,ca CAN,MF,Crawley Town,26,1998,14.8,0,11,2,18.2,0.75,0.14,0,0,0,0,Matches
257,Nick Freeman,eng ENG,"DF,MF",Stevenage,28,1995,14.5,0,10,2,20,0.69,0.14,0,0,0,0,Matches
258,Lewis Freestone,eng ENG,DF,Stevenage,24,1999,22.6,0,9,3,33.3,0.4,0.13,0,0,0,0,Matches
259,Ibrahim Fullah,eng ENG,MF,Charlton Athletic,17,2007,0.1,0,2,0,0,30,0,0,,0,0,Matches
260,Jordan Gabriel,eng ENG,DF,Blackpool,25,1998,15.4,0,10,4,40,0.65,0.26,0,0,0,0,Matches
261,Ethan Galbraith,nir NIR,"MF,DF",Leyton Orient,23,2001,37,6,38,11,28.9,1.03,0.3,0.16,0.55,0,0,Matches
262,Dominic Gape,eng ENG,MF,Shrewsbury Town,29,1994,12.7,0,5,1,20,0.39,0.08,0,0,0,0,Matches
263,Andre Garcia,,"DF,FW",Reading,,,26.8,0,9,4,44.4,0.34,0.15,0,0,0,0,Matches
264,Che Gardner,,MF,Stockport,,,0,0,0,0,,0,0,,,0,0,Matches
265,Joe Gardner,eng ENG,MF,Lincoln City,19,2005,4,1,8,4,50,1.99,0.99,0.13,0.25,0,0,Matches
266,Taylor Gardner-Hickman,eng ENG,"MF,DF",Birmingham City,22,2001,21,3,21,7,33.3,1,0.33,0.14,0.43,0,0,Matches
267,Jake Garrett,eng ENG,MF,Bristol Rovers,21,2003,3.4,0,4,1,25,1.17,0.29,0,0,0,0,Matches
268,Joe Gauci,au AUS,GK,Barnsley,24,2000,6.8,0,0,0,,0,0,,,0,0,Matches
269,Georgie Gent,eng ENG,MF,Barnsley,20,2003,16.5,1,13,6,46.2,0.79,0.36,0.08,0.17,0,0,Matches
270,Maël Durand de Gevigney,fr FRA,DF,Barnsley,24,1999,38,0,13,1,7.7,0.34,0.03,0,0,0,0,Matches
271,James Gibbons,eng ENG,"DF,MF",Cambridge United,26,1998,22.4,1,12,3,25,0.54,0.13,0.08,0.33,0,0,Matches
272,Alexander Gilbert,ie IRL,MF,Charlton Athletic,22,2001,3.4,0,11,2,18.2,3.25,0.59,0,0,0,0,Matches
273,Macaulay Gillesphey,eng ENG,DF,Charlton Athletic,28,1995,43.1,5,19,10,52.6,0.44,0.23,0.26,0.5,0,0,Matches
274,Alex Gilliead,eng ENG,MF,Shrewsbury Town,28,1996,36.1,0,14,2,14.3,0.39,0.06,0,0,0,0,Matches
275,Ciaran Gilligan,eng ENG,MF,Burton Albion,22,2002,7.5,0,2,0,0,0.27,0,0,,0,0,Matches
Rk,Player,Nation,Pos,Squad,Age,Born,90s,Gls,Sh,SoT,SoT%,Sh/90,SoT/90,G/Sh,G/SoT,PK,PKatt,Matches
276,Brodie Gilmore,nir NIR,"DF,MF",Huddersfield Town,20,2004,28.1,3,19,8,42.1,0.68,0.28,0.16,0.38,0,0,Matches
277,Matthew Godden,eng ENG,FW,Charlton Athletic,33,1991,27.9,18,76,37,48.7,2.73,1.33,0.2,0.41,3,3,Matches
278,Charlie Goode,eng ENG,DF,Stevenage,28,1995,16.9,0,13,1,7.7,0.77,0.06,0,0,0,0,Matches
279,Will Goodwin,eng ENG,FW,Wigan Athletic,22,2002,2.1,0,4,0,0,1.93,0,0,,0,0,Matches
280,Daniel Gore,eng ENG,MF,Rotherham United,19,2004,1.7,0,1,0,0,0.6,0,0,,0,0,Matches
281,Jordan Graham,eng ENG,"FW,MF",Leyton Orient,29,1995,1.9,0,0,0,,0,0,,,0,0,Matches
282,Kieran Graham,eng ENG,MF,Barnsley,16,2007,0,0,0,0,,0,0,,,0,0,Matches
283,André Green,eng ENG,"MF,FW",Rotherham United,26,1998,7.6,3,10,5,50,1.32,0.66,0.3,0.6,0,0,Matches
284,Lee Gregory,eng ENG,FW,Mansfield Town,35,1988,14.9,10,37,18,48.6,2.49,1.21,0.19,0.39,3,4,Matches
285,Joshua Griffiths,eng ENG,GK,Bristol Rovers,22,2001,28,0,1,0,0,0.04,0,0,,0,0,Matches
286,Jack Grimmer,sct SCO,DF,Wycombe Wanderers,30,1994,30.1,0,11,1,9.1,0.37,0.03,0,0,0,0,Matches
287,Daniel Grimshaw,eng ENG,GK,Blackpool,26,1998,2,0,0,0,,0,0,,,0,0,Matches
288,Nesta Guinness-Walker,eng ENG,"DF,MF",Northampton Town,24,1999,23,1,8,1,12.5,0.35,0.04,0.13,1,0,0,Matches
289,Jon Guthrie,eng ENG,DF,Northampton Town,32,1992,23.4,1,12,6,50,0.51,0.26,0.08,0.17,0,0,Matches
290,Reeco Hackett-Fairchild,lc LCA,MF,Lincoln City,26,1998,23.4,4,38,13,34.2,1.62,0.55,0.11,0.31,0,1,Matches
291,Anders Hagelskjær,dk DEN,DF,Wycombe Wanderers,27,1997,0.3,0,0,0,,0,0,,,0,0,Matches
292,Tom Hamer,eng ENG,DF,Lincoln City,24,1999,15.1,2,9,4,44.4,0.59,0.26,0.22,0.5,0,0,Matches
293,CJ Hamilton,ie IRL,MF,Blackpool,29,1995,23.4,3,28,12,42.9,1.19,0.51,0.11,0.25,0,0,Matches
294,Ethan Hamilton,sct SCO,MF,Lincoln City,25,1998,17.2,0,20,5,25,1.16,0.29,0,0,0,0,Matches
295,Micah Hamilton,eng ENG,MF,Stockport,20,2003,0.7,0,2,0,0,2.69,0,0,,0,0,Matches
296,Brandon Hanlan,eng ENG,FW,Wycombe Wanderers,27,1997,1.8,0,1,0,0,0.57,0,0,,0,0,Matches
297,Brandon Hanlan,eng ENG,FW,Stevenage,27,1997,11.5,2,17,7,41.2,1.48,0.61,0.12,0.29,0,0,Matches
298,Grant Hanley,sct SCO,DF,Birmingham City,32,1991,3.4,0,0,0,,0,0,,,0,0,Matches
299,Emil Hansson,se SWE,MF,Birmingham City,26,1998,10.1,1,16,9,56.3,1.58,0.89,0.06,0.11,0,0,Matches
300,Dan Happe,eng ENG,DF,Leyton Orient,25,1998,22.4,2,16,6,37.5,0.71,0.27,0.13,0.33,0,0,Matches
Rk,Player,Nation,Pos,Squad,Age,Born,90s,Gls,Sh,SoT,SoT%,Sh/90,SoT/90,G/Sh,G/SoT,PK,PKatt,Matches
301,Vincent Harper,ke KEN,"MF,DF",Exeter City,23,2000,11,1,6,2,33.3,0.54,0.18,0.17,0.5,0,0,Matches
302,Kian Harratt,eng ENG,FW,Huddersfield Town,22,2002,0.2,0,0,0,,0,0,,,0,0,Matches
303,Luke Harris,wls WAL,MF,Birmingham City,19,2005,11.4,3,13,6,46.2,1.14,0.53,0.23,0.5,0,0,Matches
304,Alex Hartridge,eng ENG,DF,Exeter City,25,1999,18,1,12,1,8.3,0.67,0.06,0.08,1,0,0,Matches
305,Alex Hartridge,eng ENG,DF,Wycombe Wanderers,25,1999,4.6,0,2,0,0,0.43,0,0,,0,0,Matches
306,Daniel Harvie,sct SCO,DF,Wycombe Wanderers,26,1998,28.5,1,19,4,21.1,0.67,0.14,0.05,0.25,0,0,Matches
307,Cian Hayes,ie IRL,MF,Peterborough United,21,2003,17.5,3,31,8,25.8,1.77,0.46,0.1,0.38,0,0,Matches
308,Jack Hazlehurst,eng ENG,MF,Burton Albion,24,1999,1.3,0,1,0,0,0.79,0,0,,0,0,Matches
309,Jaheim Headley,eng ENG,MF,Huddersfield Town,22,2001,3.5,0,4,0,0,1.14,0,0,,0,0,Matches
310,Rhys Healey,wls WAL,FW,Huddersfield Town,29,1994,3.2,1,10,4,40,3.1,1.24,0.1,0.25,0,0,Matches
311,Michał Helik,pl POL,DF,Huddersfield Town,28,1995,14.9,2,14,4,28.6,0.94,0.27,0.14,0.5,0,0,Matches
312,Zachary Hemming,eng ENG,GK,Leyton Orient,24,2000,10,0,0,0,,0,0,,,0,0,Matches
313,Rushian Hepburn-Murphy,eng ENG,"FW,MF",Crawley Town,25,1998,28.3,10,73,28,38.4,2.58,0.99,0.12,0.32,1,1,Matches
314,Elliott Hewitt,wls WAL,"MF,DF",Mansfield Town,30,1994,27.3,0,15,0,0,0.55,0,0,,0,0,Matches
315,Brad Hills,eng ENG,DF,Stockport,20,2004,14.8,1,13,2,15.4,0.88,0.13,0.08,0.5,0,0,Matches
316,Ben Hinchliffe,eng ENG,GK,Stockport,35,1988,18,0,0,0,,0,0,,,0,0,Matches
317,George Hoddle,,MF,Cambridge United,,,0.1,0,0,0,,0,0,,,0,0,Matches
318,Joseph Hodge,ie IRL,MF,Huddersfield Town,21,2002,13.3,1,15,6,40,1.13,0.45,0.07,0.17,0,0,Matches
319,Jonathan Hogg,eng ENG,MF,Huddersfield Town,35,1988,20.4,1,8,2,25,0.39,0.1,0.13,0.5,0,0,Matches
320,Jack Holmes,eng ENG,"MF,FW",Rotherham United,22,2001,6.8,0,6,3,50,0.88,0.44,0,0,0,0,Matches
321,Gavan Holohan,ie IRL,"FW,MF",Crawley Town,32,1991,5.4,1,11,3,27.3,2.05,0.56,0.09,0.33,0,0,Matches
322,Louie Holzman,eng ENG,DF,Reading,20,2003,3.3,0,0,0,,0,0,,,0,0,Matches
323,William Hondermarck,cg CGO,MF,Northampton Town,23,2000,15.1,0,8,4,50,0.53,0.27,0,0,0,0,Matches
324,Luca Hoole,wls WAL,"DF,MF",Shrewsbury Town,22,2002,35.7,1,19,2,10.5,0.53,0.06,0.05,0.5,0,0,Matches
325,Fraser Horsfall,eng ENG,DF,Stockport,27,1996,25.1,2,25,8,32,1,0.32,0.08,0.25,0,0,Matches
Rk,Player,Nation,Pos,Squad,Age,Born,90s,Gls,Sh,SoT,SoT%,Sh/90,SoT/90,G/Sh,G/SoT,PK,PKatt,Matches
326,Sam Hoskins,eng ENG,"MF,FW",Northampton Town,31,1993,31.5,7,60,19,31.7,1.9,0.6,0.08,0.26,2,3,Matches
327,Conor Hourihane,ie IRL,MF,Barnsley,33,1991,0.9,0,0,0,,0,0,,,0,0,Matches
328,Ben House,eng ENG,"FW,MF",Lincoln City,25,1999,29.3,6,40,16,40,1.37,0.55,0.15,0.38,0,0,Matches
329,Mark Howard,eng ENG,GK,Wrexham,37,1986,9.8,0,0,0,,0,0,,,0,0,Matches
330,Charlie Hughes,eng ENG,DF,Wigan Athletic,20,2003,0.2,0,0,0,,0,0,,,0,0,Matches
331,Sam Hughes,eng ENG,DF,Stockport,27,1997,3.5,0,1,0,0,0.29,0,0,,0,0,Matches
332,Sam Hughes,eng ENG,DF,Peterborough United,27,1997,18.7,1,8,4,50,0.43,0.21,0.13,0.25,0,0,Matches
333,Joe Hugill,eng ENG,FW,Wigan Athletic,20,2003,6.6,3,13,7,53.8,1.96,1.05,0.23,0.43,0,0,Matches
334,Jordan Hugill,eng ENG,FW,Rotherham United,32,1992,9.6,1,23,6,26.1,2.4,0.63,0.04,0.17,0,0,Matches
335,Cameron Humphreys,eng ENG,"DF,MF",Rotherham United,25,1998,38.3,2,16,8,50,0.42,0.21,0.13,0.25,0,0,Matches
336,Cameron Humphreys,eng ENG,MF,Wycombe Wanderers,20,2003,37.3,7,69,21,30.4,1.85,0.56,0.1,0.33,0,0,Matches
337,Stephen Humphrys,eng ENG,"FW,MF",Barnsley,26,1997,25.4,9,79,34,43,3.12,1.34,0.11,0.26,0,0,Matches
338,Joseph Hungbo,eng ENG,"MF,FW",Rotherham United,24,2000,5.4,0,3,2,66.7,0.55,0.37,0,0,0,0,Matches
339,Joseph Hungbo,eng ENG,MF,Wigan Athletic,24,2000,5.4,0,13,4,30.8,2.41,0.74,0,0,0,0,Matches
340,Jack Hunt,eng ENG,"DF,MF",Bristol Rovers,33,1990,15.5,0,12,4,33.3,0.77,0.26,0,0,0,0,Matches
341,James Husband,eng ENG,DF,Blackpool,30,1994,29.6,3,14,4,28.6,0.47,0.14,0.21,0.75,0,0,Matches
342,Isaac Hutchinson,eng ENG,MF,Bristol Rovers,24,2000,22.5,4,47,13,27.7,2.09,0.58,0.09,0.31,0,0,Matches
343,Luke Hutchinson,eng ENG,GK,Crawley Town,,,1,0,0,0,,0,0,,,0,0,Matches
344,Danny Hylton,eng ENG,FW,Charlton Athletic,35,1989,0.7,1,3,1,33.3,4.5,1.5,0.33,1,0,0,Matches
345,Bradley Ibrahim,eng ENG,MF,Crawley Town,19,2004,24.3,2,19,7,36.8,0.78,0.29,0.11,0.29,0,0,Matches
346,Zeno Ibsen Rossi,eng ENG,DF,Cambridge United,23,2000,12.8,0,7,1,14.3,0.55,0.08,0,0,0,0,Matches
347,Bradley Ihionvien,eng ENG,FW,Peterborough United,20,2003,5.4,0,10,1,10,1.85,0.19,0,0,0,0,Matches
348,Sam Inwood,nir NIR,DF,Bolton Wanderers,18,2005,2,0,1,0,0,0.5,0,0,,0,0,Matches
349,Tom Iorpenda,eng ENG,MF,Huddersfield Town,19,2005,0.7,0,2,1,50,2.9,1.45,0,0,0,0,Matches
350,Jack Iredale,au AUS,DF,Bolton Wanderers,28,1996,0.8,0,0,0,,0,0,,,0,0,Matches
Rk,Player,Nation,Pos,Squad,Age,Born,90s,Gls,Sh,SoT,SoT%,Sh/90,SoT/90,G/Sh,G/SoT,PK,PKatt,Matches
351,Harvey Isted,eng ENG,GK,Burton Albion,27,1997,3,0,0,0,,0,0,,,0,0,Matches
352,Tomoki Iwata,jp JPN,MF,Birmingham City,27,1997,36.8,6,49,16,32.7,1.33,0.43,0.12,0.38,0,0,Matches
353,Adam Jackson,eng ENG,DF,Lincoln City,30,1994,24.9,2,8,2,25,0.32,0.08,0.25,1,0,0,Matches
354,Ricky Jade-Jones,eng ENG,FW,Peterborough United,23,2001,33.6,10,52,26,50,1.55,0.77,0.17,0.35,1,1,Matches
355,Diallang Jaiyesimi,eng ENG,MF,Leyton Orient,26,1998,7.5,1,10,3,30,1.34,0.4,0.1,0.33,0,0,Matches
356,Fabio Jalo,pt POR,"MF,FW",Barnsley,18,2005,6.7,2,19,8,42.1,2.84,1.2,0.11,0.25,0,0,Matches
357,Matty James,eng ENG,MF,Wrexham,33,1991,29.9,2,19,4,21.1,0.64,0.13,0.11,0.5,0,0,Matches
358,Reece James,eng ENG,DF,Rotherham United,30,1993,40,2,8,3,37.5,0.2,0.08,0.25,0.67,0,0,Matches
359,Tom James,wls WAL,DF,Leyton Orient,28,1996,16.2,2,14,4,28.6,0.87,0.25,0.14,0.5,0,0,Matches
360,Zach Jeacock,eng ENG,GK,Lincoln City,23,2001,10.2,0,0,0,,0,0,,,0,0,Matches
361,Dominic Jefferies,wls WAL,MF,Lincoln City,22,2002,23.1,3,22,7,31.8,0.95,0.3,0.14,0.43,0,0,Matches
362,Tyreece John-Jules,eng ENG,"FW,MF",Crawley Town,23,2001,12.4,0,18,6,33.3,1.46,0.49,0,0,0,0,Matches
363,Carl Johnston,nir NIR,DF,Peterborough United,22,2002,14.1,0,3,0,0,0.21,0,0,,0,0,Matches
364,George Johnston,sct SCO,DF,Bolton Wanderers,25,1998,36,0,30,1,3.3,0.83,0.03,0,0,0,0,Matches
365,Gethin Jones,au AUS,"DF,MF",Bolton Wanderers,28,1995,16.8,0,3,0,0,0.18,0,0,,0,0,Matches
366,James Jones,sct SCO,MF,Burton Albion,28,1996,1.7,0,0,0,,0,0,,,0,0,Matches
367,James Jones,sct SCO,"DF,MF",Wrexham,28,1996,0.3,0,0,0,,0,0,,,0,0,Matches
368,Jordan Jones,nir NIR,"FW,MF",Wigan Athletic,29,1994,0.7,0,1,1,100,1.5,1.5,0,0,0,0,Matches
369,Lloyd Jones,eng ENG,DF,Charlton Athletic,28,1995,34.5,3,30,12,40,0.87,0.35,0.1,0.25,0,0,Matches
370,Patrick Jones,wls WAL,"MF,DF",Exeter City,21,2003,5.5,0,6,2,33.3,1.09,0.36,0,0,0,0,Matches
371,Christian Joseph,lc LCA,DF,Bolton Wanderers,24,2000,11.9,2,15,4,26.7,1.26,0.34,0.13,0.5,0,0,Matches
372,Kyle Joseph,sct SCO,FW,Blackpool,22,2001,22,7,40,18,45,1.82,0.82,0.18,0.39,0,0,Matches
373,Zak Jules,sct SCO,DF,Rotherham United,27,1997,20.5,2,9,4,44.4,0.44,0.2,0.22,0.5,0,0,Matches
374,Lukas Jutkiewicz,eng ENG,FW,Birmingham City,35,1989,2.5,1,13,3,23.1,5.27,1.22,0.08,0.33,0,0,Matches
375,Elias Kachunga,cd COD,"MF,FW",Cambridge United,32,1992,29.9,7,41,18,43.9,1.37,0.6,0.17,0.39,0,0,Matches
Rk,Player,Nation,Pos,Squad,Age,Born,90s,Gls,Sh,SoT,SoT%,Sh/90,SoT/90,G/Sh,G/SoT,PK,PKatt,Matches
376,Sullay Kaikai,sl SLE,"MF,FW",Cambridge United,28,1995,12.9,4,23,10,43.5,1.78,0.77,0.17,0.4,0,0,Matches
377,Tomas Kalinauskas,lt LTU,"MF,FW",Burton Albion,24,2000,20.5,1,29,14,48.3,1.41,0.68,0.03,0.07,0,0,Matches
378,Herbie Kane,eng ENG,MF,Huddersfield Town,25,1998,20.9,3,26,9,34.6,1.24,0.43,0.12,0.33,0,0,Matches
379,Abraham Kanu,sl SLE,DF,Reading,18,2005,4.8,0,0,0,,0,0,,,0,0,Matches
380,Daniel Kanu,sl SLE,"FW,MF",Charlton Athletic,19,2004,6.5,1,8,3,37.5,1.22,0.46,0.13,0.33,0,0,Matches
381,David Kasumu,eng ENG,MF,Huddersfield Town,24,1999,26.1,3,31,11,35.5,1.19,0.42,0.1,0.27,0,0,Matches
382,Jadel Katongo,zm ZAM,DF,Peterborough United,19,2004,12.6,0,2,0,0,0.16,0,0,,0,0,Matches
383,Amaru Kaunda,,MF,Cambridge United,,,0.1,0,0,0,,0,0,,,0,0,Matches
384,Joshua Kayode,ng NGA,FW,Rotherham United,31,1992,1.7,0,3,1,33.3,1.74,0.58,0,0,0,0,Matches
385,Joshua Kayode,ng NGA,FW,Shrewsbury Town,31,1992,1.7,0,3,1,33.3,1.73,0.58,0,0,0,0,Matches
386,Josh Keeley,ie IRL,GK,Leyton Orient,21,2003,36,0,0,0,,0,0,,,0,0,Matches
387,Davis Keillor-Dunn,eng ENG,MF,Mansfield Town,26,1997,2.7,0,10,2,20,3.77,0.75,0,0,0,0,Matches
388,Davis Keillor-Dunn,eng ENG,"FW,MF",Barnsley,26,1997,39.4,18,96,41,42.7,2.44,1.04,0.19,0.44,0,0,Matches
389,Jeremy Kelly,us USA,MF,Crawley Town,26,1997,31,3,20,8,40,0.65,0.26,0.15,0.38,0,0,Matches
390,Liam Kelly,sct SCO,MF,Rotherham United,34,1990,14.6,1,14,3,21.4,0.96,0.21,0.07,0.33,0,0,Matches
391,Charlie Kelman,us USA,"FW,MF",Leyton Orient,22,2001,37.7,21,110,53,48.2,2.92,1.41,0.18,0.38,1,1,Matches
392,Daniel Kemp,eng ENG,MF,Stevenage,25,1999,33,10,65,22,33.8,1.97,0.67,0.15,0.45,0,1,Matches
393,Jason Kerr,sct SCO,DF,Wigan Athletic,27,1997,44,1,17,3,17.6,0.39,0.07,0.06,0.33,0,0,Matches
394,Rafiq Khaleel,eng ENG,MF,Crawley Town,21,2003,0.1,0,1,0,0,8.18,0,0,,0,0,Matches
395,Brandon Khela,eng ENG,MF,Birmingham City,19,2005,0.2,0,0,0,,0,0,,,0,0,Matches
396,Alfie Kilgour,eng ENG,DF,Mansfield Town,26,1998,7,0,5,1,20,0.72,0.14,0,0,0,0,Matches
397,Ben Killip,eng ENG,GK,Barnsley,28,1995,17,0,0,0,,0,0,,,0,0,Matches
398,Eli King,wls WAL,MF,Stevenage,21,2002,15.1,1,13,6,46.2,0.86,0.4,0.08,0.17,0,0,Matches
399,Christoph Klarer,at AUT,DF,Birmingham City,24,2000,42.4,1,14,3,21.4,0.33,0.07,0.07,0.33,0,0,Matches
400,Harvey Knibbs,eng ENG,"MF,FW",Reading,25,1999,41.3,14,51,22,43.1,1.24,0.53,0.2,0.45,4,4,Matches
Rk,Player,Nation,Pos,Squad,Age,Born,90s,Gls,Sh,SoT,SoT%,Sh/90,SoT/90,G/Sh,G/SoT,PK,PKatt,Matches
401,Kyle Knoyle,eng ENG,"DF,MF",Stockport,27,1996,15.2,0,7,2,28.6,0.46,0.13,0,0,0,0,Matches
402,Gideon Kodua,eng ENG,"MF,DF",Wycombe Wanderers,19,2004,4.2,2,8,2,25,1.91,0.48,0.25,1,0,0,Matches
403,Ali Koiki,eng ENG,DF,Northampton Town,24,1999,2.1,0,1,0,0,0.47,0,0,,0,0,Matches
404,Ronnie Kokkinos,cy CYP,DF,Mansfield Town,18,2006,0,0,0,0,,0,0,,,0,0,Matches
405,Richard Kone,ci CIV,FW,Wycombe Wanderers,21,2003,30.5,18,100,40,40,3.28,1.31,0.14,0.35,4,6,Matches
406,Josh Koroma,sl SLE,"FW,MF",Huddersfield Town,25,1998,26.7,11,83,31,37.3,3.11,1.16,0.12,0.32,1,3,Matches
407,Hector Kyprianou,cy CYP,MF,Peterborough United,23,2001,26.8,3,23,12,52.2,0.86,0.45,0.13,0.25,0,0,Matches
408,Freddie Ladapo,eng ENG,FW,Huddersfield Town,31,1993,5.2,0,9,1,11.1,1.73,0.19,0,0,0,0,Matches
409,Ethan Laird,eng ENG,"DF,MF",Birmingham City,23,2001,25.7,4,27,9,33.3,1.05,0.35,0.15,0.44,0,0,Matches
410,Joshua Laqeretabua,fj FIJ,DF,Charlton Athletic,18,2005,0.1,0,0,0,,0,0,,,0,0,Matches
411,Julian Larsson,se SWE,"FW,MF",Burton Albion,23,2001,5.6,2,13,4,30.8,2.31,0.71,0.15,0.5,0,0,Matches
412,Shayne Lavery,nir NIR,FW,Cambridge United,25,1998,9.8,5,29,14,48.3,2.95,1.42,0.17,0.36,0,0,Matches
413,Daeshon Lawrence,,MF,Bolton Wanderers,,,0.5,0,0,0,,0,0,,,0,0,Matches
414,Miles Leaburn,eng ENG,FW,Charlton Athletic,20,2003,15,6,40,15,37.5,2.67,1,0.15,0.4,0,0,Matches
415,Luke Leahy,eng ENG,"MF,DF",Wycombe Wanderers,31,1992,30.3,4,33,12,36.4,1.09,0.4,0.12,0.33,0,2,Matches
416,Elliot Lee,eng ENG,"MF,FW",Wrexham,29,1994,26.4,8,49,20,40.8,1.86,0.76,0.16,0.4,0,0,Matches
417,Tom Lees,eng ENG,DF,Huddersfield Town,33,1990,26.9,0,18,6,33.3,0.67,0.22,0,0,0,0,Matches
418,Dexter Lembikisa,jm JAM,"MF,DF",Barnsley,20,2003,4.6,0,3,1,33.3,0.65,0.22,0,0,0,0,Matches
419,Marc Leonard,sct SCO,MF,Birmingham City,22,2001,16.4,0,16,5,31.3,0.97,0.3,0,0,0,0,Matches
420,Aaron Lewis,wls WAL,MF,Mansfield Town,26,1998,25,2,37,12,32.4,1.48,0.48,0.05,0.17,0,0,Matches
421,Jonathan Lewis,us USA,"FW,MF",Barnsley,27,1997,0.6,1,1,1,100,1.61,1.61,1,1,0,0,Matches
422,Kiantay Licorish-Mullings,eng ENG,DF,Northampton Town,17,2006,0.1,0,0,0,,0,0,,,0,0,Matches
423,Gustav Lindgren,se SWE,FW,Peterborough United,22,2001,7.2,1,8,3,37.5,1.11,0.42,0.13,0.33,0,0,Matches
424,Jamie Lindsay,sct SCO,MF,Bristol Rovers,28,1995,17,2,15,3,20,0.88,0.18,0.13,0.67,0,0,Matches
425,Harvey Lintott,eng ENG,DF,Northampton Town,21,2003,0.1,0,0,0,,0,0,,,0,0,Matches
Rk,Player,Nation,Pos,Squad,Age,Born,90s,Gls,Sh,SoT,SoT%,Sh/90,SoT/90,G/Sh,G/SoT,PK,PKatt,Matches
426,Elliott List,eng ENG,"MF,FW",Stevenage,27,1997,17.8,4,28,7,25,1.58,0.39,0.14,0.57,0,0,Matches
427,George Lloyd,eng ENG,FW,Shrewsbury Town,24,2000,33.3,5,32,11,34.4,0.96,0.33,0.16,0.45,0,0,Matches
428,Thimothee Lo Tutala,fr FRA,GK,Crawley Town,21,2003,1,0,0,0,,0,0,,,0,0,Matches
429,Ryan Loft,eng ENG,FW,Cambridge United,26,1997,17,2,25,7,28,1.47,0.41,0.08,0.29,0,0,Matches
430,Kyran Lofthouse,eng ENG,"MF,FW",Barnsley,23,2000,4.3,0,4,1,25,0.94,0.23,0,0,0,0,Matches
431,Kyran Lofthouse,eng ENG,MF,Burton Albion,23,2000,14.1,0,9,1,11.1,0.64,0.07,0,0,0,0,Matches
432,Klaidi Lolos,gr GRE,"MF,FW",Bolton Wanderers,22,2001,9.3,2,15,4,26.7,1.61,0.43,0.13,0.5,0,0,Matches
433,Emmanuel Longelo,eng ENG,"MF,FW",Cambridge United,23,2000,4,1,8,2,25,1.99,0.5,0.13,0.5,0,0,Matches
434,Ryan Longman,eng ENG,MF,Wrexham,23,2000,13.7,1,17,2,11.8,1.24,0.15,0.06,0.5,0,0,Matches
435,Nigel Lonwijk,nl NED,DF,Huddersfield Town,21,2002,18.9,1,6,3,50,0.32,0.16,0.17,0.33,0,0,Matches
436,Jack Loughran,,MF,Shrewsbury Town,,,0,0,0,0,,0,0,,,0,0,Matches
437,Joseph Low,wls WAL,DF,Wycombe Wanderers,22,2002,36,4,25,8,32,0.69,0.22,0.16,0.5,0,0,Matches
438,Alexander lowry,sct SCO,"MF,FW",Wycombe Wanderers,21,2003,3,0,9,3,33.3,3.02,1.01,0,0,0,0,Matches
439,Beryly Lubala,cd COD,MF,Wycombe Wanderers,26,1998,13.1,4,28,10,35.7,2.14,0.77,0.14,0.4,0,0,Matches
440,Andy Lyons,ie IRL,"DF,MF",Blackpool,23,2000,0.2,0,0,0,,0,0,,,0,0,Matches
441,Alex MacDonald,sct SCO,"MF,DF",Rotherham United,34,1990,6.8,1,5,1,20,0.74,0.15,0.2,1,0,0,Matches
442,Angus MacDonald,eng ENG,DF,Exeter City,31,1992,14.1,1,6,2,33.3,0.43,0.14,0.17,0.5,0,0,Matches
443,Calum MacDonald,eng ENG,"MF,DF",Mansfield Town,26,1997,2.7,1,3,2,66.7,1.1,0.73,0.33,0.5,0,0,Matches
444,Josh Magennis,nir NIR,FW,Exeter City,33,1990,34.4,6,41,15,36.6,1.19,0.44,0.12,0.33,1,2,Matches
445,Tyler Magloire,eng ENG,DF,Northampton Town,25,1998,7.2,1,3,1,33.3,0.42,0.14,0.33,1,0,0,Matches
446,Jovon Makama,eng ENG,"FW,MF",Lincoln City,20,2004,25.4,7,37,19,51.4,1.45,0.75,0.19,0.37,0,0,Matches
447,Udoka Malife,eng ENG,"DF,MF",Burton Albion,24,2000,38.8,1,16,4,25,0.41,0.1,0.06,0.25,0,0,Matches
448,Scott Malone,eng ENG,MF,Crawley Town,33,1991,1.7,0,2,0,0,1.18,0,0,,0,0,Matches
449,Scott Malone,eng ENG,DF,Cambridge United,33,1991,5.2,0,4,0,0,0.77,0,0,,0,0,Matches
450,William Mannion,eng ENG,GK,Charlton Athletic,26,1998,27.5,0,0,0,,0,0,,,0,0,Matches
Rk,Player,Nation,Pos,Squad,Age,Born,90s,Gls,Sh,SoT,SoT%,Sh/90,SoT/90,G/Sh,G/SoT,PK,PKatt,Matches
451,George Maris,eng ENG,"MF,FW",Mansfield Town,28,1996,15.5,4,32,9,28.1,2.06,0.58,0.13,0.44,0,0,Matches
452,Dilan Markanday,eng ENG,MF,Leyton Orient,22,2001,9.8,3,12,6,50,1.23,0.61,0.25,0.5,0,0,Matches
453,Marko Maroši,sk SVK,GK,Cambridge United,30,1993,1.4,0,0,0,,0,0,,,0,0,Matches
454,John Marquis,eng ENG,FW,Shrewsbury Town,32,1992,32,11,58,29,50,1.81,0.91,0.16,0.31,2,5,Matches
455,Jack Marriott,eng ENG,FW,Wrexham,29,1994,9,6,23,13,56.5,2.56,1.45,0.26,0.46,0,0,Matches
456,Aiden Marsh,eng ENG,FW,Barnsley,21,2003,2.1,0,2,2,100,0.97,0.97,0,0,0,0,Matches
457,Callum Marshall,nir NIR,"FW,MF",Huddersfield Town,19,2004,29.7,9,73,34,46.6,2.46,1.14,0.12,0.26,0,0,Matches
458,Chris Martin,sct SCO,FW,Bristol Rovers,35,1988,17.2,5,19,9,47.4,1.11,0.52,0.16,0.33,2,2,Matches
459,Owen Mason,ie IRL,GK,Mansfield Town,20,2004,1,0,0,0,,0,0,,,0,0,Matches
460,Jay Matete,eng ENG,MF,Bolton Wanderers,23,2001,20,3,26,6,23.1,1.3,0.3,0.12,0.5,0,0,Matches
461,Alfie May,eng ENG,"FW,MF",Birmingham City,31,1993,26,16,70,33,47.1,2.69,1.27,0.21,0.45,1,1,Matches
462,Ashley Maynard-Brewer,au AUS,GK,Charlton Athletic,25,1999,18.5,0,0,0,,0,0,,,0,0,Matches
463,Amadou Mbengue,sn SEN,DF,Reading,22,2002,32.7,1,14,4,28.6,0.43,0.12,0.07,0.25,0,0,Matches
464,Luke Mbete-Tatu,eng ENG,DF,Northampton Town,20,2003,9.5,0,5,1,20,0.53,0.11,0,0,0,0,Matches
465,Micah Mbick,eng ENG,FW,Charlton Athletic,17,2006,0.7,0,0,0,,0,0,,,0,0,Matches
466,John Mcatee,eng ENG,"FW,MF",Bolton Wanderers,25,1999,31,11,68,24,35.3,2.19,0.77,0.16,0.46,0,0,Matches
467,Bayley McCann,nir NIR,MF,Barnsley,18,2005,0,0,0,0,,0,0,,,0,0,Matches
468,Liam McCarron,sct SCO,"MF,FW",Northampton Town,23,2001,4.6,1,4,2,50,0.88,0.44,0.25,0.5,0,0,Matches
469,Jamie McCart,sct SCO,DF,Rotherham United,27,1997,12.9,0,17,6,35.3,1.32,0.47,0,0,0,0,Matches
470,Conor McCarthy,ie IRL,DF,Barnsley,26,1998,16.3,0,4,1,25,0.25,0.06,0,0,0,0,Matches
471,Jason McCarthy,eng ENG,"DF,MF",Wycombe Wanderers,28,1995,0.5,0,0,0,,0,0,,,0,0,Matches
472,James McClean,ie IRL,"MF,DF",Wrexham,35,1989,37.8,4,37,7,18.9,0.98,0.19,0.11,0.57,0,0,Matches
473,Garath McCleary,jm JAM,"MF,FW",Wycombe Wanderers,37,1987,25,4,22,7,31.8,0.88,0.28,0.18,0.57,0,0,Matches
474,Luke McCormick,eng ENG,"MF,FW",Bristol Rovers,25,1999,9.3,2,15,3,20,1.61,0.32,0.13,0.67,0,0,Matches
475,Kevin McDonald,sct SCO,"MF,DF",Exeter City,35,1988,6.3,0,2,0,0,0.32,0,0,,0,0,Matches
Rk,Player,Nation,Pos,Squad,Age,Born,90s,Gls,Sh,SoT,SoT%,Sh/90,SoT/90,G/Sh,G/SoT,PK,PKatt,Matches
476,Cameron McGeehan,nir NIR,"MF,FW",Northampton Town,29,1995,38.8,10,64,29,45.3,1.65,0.75,0.16,0.34,0,0,Matches
477,Aaron McGowan,eng ENG,"DF,MF",Northampton Town,28,1996,26.8,1,8,1,12.5,0.3,0.04,0.13,1,0,0,Matches
478,Conor McGrandles,sct SCO,MF,Lincoln City,28,1995,35,0,11,2,18.2,0.31,0.06,0,0,0,0,Matches
479,Ciaran McGuckin,nir NIR,FW,Rotherham United,20,2003,0.8,0,1,0,0,1.32,0,0,,0,0,Matches
480,Harry McHugh,eng ENG,MF,Wigan Athletic,21,2002,5.2,0,3,0,0,0.58,0,0,,0,0,Matches
481,Tom McIntyre,sct SCO,DF,Charlton Athletic,25,1998,3.6,0,0,0,,0,0,,,0,0,Matches
482,JJ McKiernan,nir NIR,MF,Burton Albion,22,2002,16.4,1,28,9,32.1,1.71,0.55,0.04,0.11,0,0,Matches
483,JJ McKiernan,nir NIR,MF,Lincoln City,22,2002,2.7,0,3,0,0,1.1,0,0,,0,0,Matches
484,Stephen McLaughlin,ie IRL,"MF,DF",Mansfield Town,34,1990,28.3,2,33,12,36.4,1.17,0.42,0.06,0.17,0,0,Matches
485,Callum McManaman,eng ENG,MF,Wigan Athletic,33,1991,5.9,1,8,1,12.5,1.36,0.17,0.13,1,0,0,Matches
486,Jack McMillan,sct SCO,"MF,DF",Exeter City,26,1997,41.6,2,13,5,38.5,0.31,0.12,0.15,0.4,0,0,Matches
487,Shaun McWilliams,eng ENG,"MF,DF",Rotherham United,25,1998,12.3,0,22,4,18.2,1.79,0.33,0,0,0,0,Matches
488,Jon Mellish,eng ENG,"DF,MF",Wigan Athletic,26,1997,15.6,1,14,3,21.4,0.9,0.19,0.07,0.33,0,0,Matches
489,Michael Mellon,sct SCO,FW,Stockport,20,2003,0.4,0,0,0,,0,0,,,0,0,Matches
490,Carlos Mendes Gomes,gw GNB,MF,Bolton Wanderers,25,1998,3.5,0,6,0,0,1.73,0,0,,0,0,Matches
491,Jacob Mendy,gm GAM,MF,Wrexham,27,1996,1,0,1,0,0,0.96,0,0,,0,0,Matches
492,K'Marni Miller,eng ENG,DF,Wigan Athletic,19,2005,0.7,0,0,0,,0,0,,,0,0,Matches
493,Mickel Miller,eng ENG,"MF,DF",Huddersfield Town,28,1995,14.3,0,10,3,30,0.7,0.21,0,0,0,0,Matches
494,Harley Mills,,DF,Peterborough United,,,8.2,0,5,0,0,0.61,0,0,,0,0,Matches
495,Jade Mingi,eng ENG,"DF,MF",Stockport,23,2000,6.1,0,2,0,0,0.33,0,0,,0,0,Matches
496,Alex Mitchell,eng ENG,DF,Charlton Athletic,22,2001,26,2,9,4,44.4,0.35,0.15,0.22,0.5,0,0,Matches
497,Demetri Mitchell,eng ENG,"MF,FW",Exeter City,27,1997,12.5,4,14,6,42.9,1.12,0.48,0.29,0.67,0,0,Matches
498,Zach Mitchell,eng ENG,DF,Charlton Athletic,19,2005,1,0,0,0,,0,0,,,0,0,Matches
499,Koji Miyoshi,jp JPN,MF,Birmingham City,27,1997,1.1,0,2,1,50,1.8,0.9,0,0,0,0,Matches
500,Clinton Mola,eng ENG,"DF,MF",Bristol Rovers,23,2001,27.6,0,13,5,38.5,0.47,0.18,0,0,0,0,Matches
Rk,Player,Nation,Pos,Squad,Age,Born,90s,Gls,Sh,SoT,SoT%,Sh/90,SoT/90,G/Sh,G/SoT,PK,PKatt,Matches
501,Lewis Montsma,nl NED,DF,Lincoln City,26,1998,12.7,1,12,5,41.7,0.95,0.39,0.08,0.2,0,0,Matches
502,Taylor Moore,eng ENG,"DF,MF",Bristol Rovers,27,1997,25.4,1,16,5,31.3,0.63,0.2,0.06,0.2,0,0,Matches
503,Albie Morgan,eng ENG,MF,Blackpool,24,2000,35.1,5,55,16,29.1,1.57,0.46,0.09,0.31,0,0,Matches
504,Aaron Morley,eng ENG,MF,Wycombe Wanderers,24,2000,18.3,2,25,7,28,1.37,0.38,0.04,0.14,1,1,Matches
505,Aaron Morley,eng ENG,MF,Bolton Wanderers,24,2000,17.1,4,21,8,38.1,1.23,0.47,0.14,0.38,1,1,Matches
506,Michael Morrison,eng ENG,DF,Cambridge United,36,1988,39.8,1,20,4,20,0.5,0.1,0.05,0.25,0,0,Matches
507,Callum Morton,eng ENG,FW,Northampton Town,24,2000,5.3,1,6,2,33.3,1.12,0.37,0.17,0.5,0,0,Matches
508,Malik Mothersille,jm JAM,"MF,FW",Peterborough United,20,2003,36.3,12,67,40,59.7,1.84,1.1,0.09,0.15,6,7,Matches
509,Owen Moxon,eng ENG,MF,Stockport,26,1998,7.6,0,11,1,9.1,1.44,0.13,0,0,0,0,Matches
510,Jack Moylan,ie IRL,MF,Lincoln City,22,2001,13.6,2,41,12,29.3,3,0.88,0.02,0.08,1,1,Matches
511,Joy Mukena,be BEL,DF,Crawley Town,25,1999,16.3,0,2,0,0,0.12,0,0,,0,0,Matches
512,Tobias Mullarkey,eng ENG,DF,Crawley Town,27,1996,30.4,0,9,1,11.1,0.3,0.03,0,0,0,0,Matches
513,Paul Mullin,eng ENG,FW,Wrexham,29,1994,12.9,2,52,18,34.6,4.03,1.4,0.04,0.11,0,0,Matches
514,Alex Murphy,ie IRL,"DF,MF",Bolton Wanderers,20,2004,10.7,2,10,6,60,0.93,0.56,0.2,0.33,0,0,Matches
515,Lee Myung-jae,kr KOR,DF,Birmingham City,30,1993,2,0,0,0,,0,0,,,0,0,Matches
516,George Nevett,wls WAL,DF,Peterborough United,18,2006,10.8,0,2,1,50,0.19,0.09,0,0,0,0,Matches
517,Jack Newhall,,FW,Burton Albion,,,0,0,0,0,,0,0,,,0,0,Matches
518,Lee Nicholls,eng ENG,GK,Huddersfield Town,31,1992,23,0,0,0,,0,0,,,0,0,Matches
519,Tom Nichols,eng ENG,MF,Mansfield Town,30,1993,0.9,0,3,0,0,3.25,0,0,,0,0,Matches
520,Ilmari Niskanen,fi FIN,"MF,DF",Exeter City,26,1997,34.4,2,50,6,12,1.45,0.17,0.04,0.33,0,0,Matches
521,Brandon Njoku,eng ENG,FW,Cambridge United,19,2005,8.7,1,9,4,44.4,1.04,0.46,0.11,0.25,0,0,Matches
522,Dan Nlundulu,eng ENG,FW,Cambridge United,25,1999,17.1,4,49,14,28.6,2.87,0.82,0.06,0.21,1,1,Matches
523,Sam Nombe,eng ENG,"FW,MF",Rotherham United,25,1998,38.2,14,86,37,43,2.25,0.97,0.15,0.35,1,1,Matches
524,Oliver Norburn,gd GRN,MF,Blackpool,31,1992,5.7,0,6,1,16.7,1.06,0.18,0,0,0,0,Matches
525,Oliver Norburn,gd GRN,MF,Wigan Athletic,31,1992,10.7,0,1,0,0,0.09,0,0,,0,0,Matches
Rk,Player,Nation,Pos,Squad,Age,Born,90s,Gls,Sh,SoT,SoT%,Sh/90,SoT/90,G/Sh,G/SoT,PK,PKatt,Matches
526,Will Norris,eng ENG,GK,Wycombe Wanderers,30,1993,17,0,0,0,,0,0,,,0,0,Matches
527,Oliver Norwood,nir NIR,MF,Stockport,33,1991,31.5,3,30,9,30,0.95,0.29,0.03,0.11,2,2,Matches
528,Aristote Nsiala,cd COD,DF,Shrewsbury Town,32,1992,15.7,1,10,4,40,0.64,0.25,0.1,0.25,0,0,Matches
529,George Nurse,eng ENG,"DF,MF",Shrewsbury Town,25,1999,12,0,11,2,18.2,0.92,0.17,0,0,0,0,Matches
530,Kelechi Nwakali,ng NGA,MF,Barnsley,26,1998,14.6,1,14,2,14.3,0.96,0.14,0.07,0.5,0,0,Matches
531,Donay O'Brien-Brady,eng ENG,MF,Peterborough United,20,2004,10.1,1,6,2,33.3,0.59,0.2,0.17,0.5,0,0,Matches
532,Eoghan O'Connell,ie IRL,DF,Wrexham,28,1995,37.2,0,8,1,12.5,0.22,0.03,0,0,0,0,Matches
533,Paudie O'Connor,ie IRL,DF,Lincoln City,27,1997,37.5,3,35,8,22.9,0.93,0.21,0.09,0.38,0,0,Matches
534,Thomas O'Connor,ie IRL,DF,Wrexham,25,1999,25.2,0,10,3,30,0.4,0.12,0,0,0,0,Matches
535,Gatlin O'Donkor,eng ENG,"FW,MF",Bristol Rovers,19,2004,14.9,4,20,10,50,1.35,0.67,0.2,0.4,0,0,Matches
536,Richard O'Donnell,eng ENG,GK,Blackpool,35,1988,6,0,0,0,,0,0,,,0,0,Matches
537,Corey O'Keeffe,ie IRL,MF,Barnsley,26,1998,34.6,0,12,3,25,0.35,0.09,0,0,0,0,Matches
538,Oliver O'Neill,ie IRL,MF,Leyton Orient,21,2003,18.9,2,33,15,45.5,1.75,0.79,0.06,0.13,0,0,Matches
539,Tommi O'Reilly,eng ENG,MF,Shrewsbury Town,20,2003,6.4,0,12,3,25,1.89,0.47,0,0,0,0,Matches
540,Connor O'Riordan,ie IRL,DF,Cambridge United,20,2003,3.8,0,3,0,0,0.8,0,0,,0,0,Matches
541,Liam Oakes,,DF,Exeter City,,,0,0,0,0,,0,0,,,0,0,Matches
542,Rhys Oates,eng ENG,FW,Mansfield Town,29,1994,1,0,6,3,50,6.07,3.03,0,0,0,0,Matches
543,Fran Obiagwu,,FW,Northampton Town,,,0.2,0,0,0,,0,0,,,0,0,Matches
544,Zech Obiero,ke KEN,MF,Leyton Orient,19,2005,3.9,0,3,0,0,0.76,0,0,,0,0,Matches
545,Akin Odimayo,eng ENG,"DF,MF",Northampton Town,24,1999,30.5,0,4,0,0,0.13,0,0,,0,0,Matches
546,Hakeem Odoffin,eng ENG,"DF,MF",Rotherham United,26,1998,43.7,5,50,14,28,1.14,0.32,0.1,0.36,0,0,Matches
547,Abraham Odoh,eng ENG,MF,Peterborough United,24,2000,24.2,5,26,12,46.2,1.07,0.5,0.19,0.42,0,0,Matches
548,Odeluga Offiah,eng ENG,DF,Blackpool,21,2002,38.7,1,5,3,60,0.13,0.08,0.2,0.33,0,0,Matches
549,Funso Ojo,be BEL,MF,Shrewsbury Town,32,1991,22.5,0,14,4,28.6,0.62,0.18,0,0,0,0,Matches
550,Jubril Okedina,mw MWI,DF,Cambridge United,23,2000,21.9,0,10,3,30,0.46,0.14,0,0,0,0,Matches
Rk,Player,Nation,Pos,Squad,Age,Born,90s,Gls,Sh,SoT,SoT%,Sh/90,SoT/90,G/Sh,G/SoT,PK,PKatt,Matches
551,Arthur Okonkwo,eng ENG,GK,Wrexham,22,2001,33,0,0,0,,0,0,,,0,0,Matches
552,Zane Okoro,eng ENG,FW,Lincoln City,17,2007,0.4,0,0,0,,0,0,,,0,0,Matches
553,Michael Olakigbe,eng ENG,MF,Wigan Athletic,20,2004,7.3,0,13,4,30.8,1.79,0.55,0,0,0,0,Matches
554,Isaac Olaofe,eng ENG,"FW,MF",Stockport,24,1999,25.6,8,51,20,39.2,1.99,0.78,0.16,0.4,0,0,Matches
555,Vadaine Oliver,eng ENG,"FW,MF",Shrewsbury Town,32,1991,4.4,2,12,4,33.3,2.7,0.9,0.17,0.5,0,0,Matches
556,Andrew Oluwabori,ng NGA,MF,Exeter City,22,2001,1.4,1,2,1,50,1.48,0.74,0.5,1,0,0,Matches
557,Promise Omochere,ie IRL,FW,Bristol Rovers,23,2000,14.2,4,31,11,35.5,2.18,0.77,0.13,0.36,0,0,Matches
558,Josh Onomah,eng ENG,MF,Blackpool,27,1997,4,1,4,2,50,1.01,0.5,0.25,0.5,0,0,Matches
559,Tyler Onyango,eng ENG,DF,Stockport,21,2003,3.8,0,2,0,0,0.52,0,0,,0,0,Matches
560,Fred Onyedinma,eng ENG,MF,Wycombe Wanderers,27,1996,25.5,6,28,15,53.6,1.1,0.59,0.21,0.4,0,0,Matches
561,Danilo Orsi-Dadamo,eng ENG,FW,Burton Albion,28,1996,17.4,6,18,9,50,1.04,0.52,0.33,0.67,0,0,Matches
562,Jordi Osei-Tutu,eng ENG,"MF,DF",Bolton Wanderers,25,1998,17.9,1,24,8,33.3,1.34,0.45,0.04,0.13,0,0,Matches
563,Deji Oshilaja,eng ENG,DF,Mansfield Town,31,1993,36.5,4,22,7,31.8,0.6,0.19,0.18,0.57,0,0,Matches
564,Emmanuel Osho,,MF,Reading,,,0,0,0,0,,0,0,,,0,0,Matches
565,Detlef Osong,eng ENG,FW,Rotherham United,19,2004,1.1,0,2,1,50,1.8,0.9,0,0,0,0,Matches
566,Detlef Osong,eng ENG,FW,Cambridge United,19,2004,0.2,0,1,0,0,4.09,0,0,,0,0,Matches
567,Ollie Palmer,eng ENG,FW,Wrexham,32,1992,20,3,34,10,29.4,1.7,0.5,0.09,0.3,0,0,Matches
568,Antony Papadopoulos,eng ENG,MF,Crawley Town,21,2002,0.4,0,0,0,,0,0,,,0,0,Matches
569,Jasper Pattenden,eng ENG,"DF,MF",Wycombe Wanderers,22,2002,10.4,0,0,0,,0,0,,,0,0,Matches
570,Kai Payne,eng ENG,MF,Wigan Athletic,19,2004,0.5,0,0,0,,0,0,,,0,0,Matches
571,Bailey Peacock-Farrell,nir NIR,GK,Birmingham City,27,1996,8,0,0,0,,0,0,,,0,0,Matches
572,Matty Pearson,eng ENG,DF,Huddersfield Town,30,1993,24.5,5,19,5,26.3,0.78,0.2,0.26,1,0,0,Matches
573,Matthew Pennington,eng ENG,DF,Blackpool,29,1994,17.9,0,8,1,12.5,0.45,0.06,0,0,0,0,Matches
574,Sonny Perkins,eng ENG,MF,Leyton Orient,20,2004,11.5,4,21,6,28.6,1.82,0.52,0.19,0.67,0,0,Matches
575,Ben Perry,eng ENG,MF,Northampton Town,19,2004,13.6,0,8,0,0,0.59,0,0,,0,0,Matches
Rk,Player,Nation,Pos,Squad,Age,Born,90s,Gls,Sh,SoT,SoT%,Sh/90,SoT/90,G/Sh,G/SoT,PK,PKatt,Matches
576,Taylor Perry,eng ENG,MF,Shrewsbury Town,23,2001,19.1,3,17,7,41.2,0.89,0.37,0.18,0.43,0,0,Matches
577,Adam Phillips,eng ENG,MF,Barnsley,26,1998,31.5,9,77,34,44.2,2.45,1.08,0.08,0.18,3,3,Matches
578,Daniel Phillips,tt TRI,MF,Stevenage,23,2001,30.4,0,19,5,26.3,0.62,0.16,0,0,0,0,Matches
579,Dillon Phillips,eng ENG,GK,Rotherham United,29,1995,32.1,0,0,0,,0,0,,,0,0,Matches
580,Carl Piergianni,eng ENG,DF,Stevenage,32,1992,43.9,3,43,10,23.3,0.98,0.23,0.07,0.3,0,0,Matches
581,Aaron Pierre,gd GRN,DF,Shrewsbury Town,31,1993,26.6,3,20,7,35,0.75,0.26,0.15,0.43,0,0,Matches
582,Donovan Pines,us USA,DF,Barnsley,26,1998,16.6,2,10,3,30,0.6,0.18,0.2,0.67,0,0,Matches
583,Mitchell Pinnock,eng ENG,MF,Northampton Town,29,1994,43.6,2,43,11,25.6,0.99,0.25,0.05,0.18,0,0,Matches
584,Kwame Poku,gh GHA,MF,Peterborough United,22,2001,22.9,12,62,24,38.7,2.71,1.05,0.19,0.5,0,0,Matches
585,Dan Potts,eng ENG,DF,Charlton Athletic,30,1994,0.8,0,0,0,,0,0,,,0,0,Matches
586,Joe Powell,eng ENG,MF,Rotherham United,25,1998,44,1,62,11,17.7,1.41,0.25,0.02,0.09,0,0,Matches
587,Nick Powell,eng ENG,MF,Stockport,30,1994,2.7,0,3,0,0,1.13,0,0,,0,0,Matches
588,Darren Pratley,jm JAM,MF,Leyton Orient,39,1985,19.1,0,9,2,22.2,0.47,0.1,0,0,0,0,Matches
589,Aaron Pressley,sct SCO,FW,Stevenage,23,2001,0.9,0,1,1,100,1.07,1.07,0,0,0,0,Matches
590,Ben Purrington,eng ENG,"DF,MF",Exeter City,28,1996,11.3,0,4,0,0,0.35,0,0,,0,0,Matches
591,Ethan Pye,eng ENG,DF,Stockport,21,2002,42,1,15,5,33.3,0.36,0.12,0.07,0.2,0,0,Matches
592,Christy Pym,eng ENG,GK,Mansfield Town,29,1995,37.3,0,0,0,,0,0,,,0,0,Matches
593,Ben Quinn,ie IRL,FW,Mansfield Town,19,2004,0,0,0,0,,0,0,,,0,0,Matches
594,Stephen Quinn,ie IRL,MF,Mansfield Town,38,1986,13.1,1,17,4,23.5,1.3,0.31,0.06,0.25,0,0,Matches
595,Junior Quitirna,eng ENG,MF,Crawley Town,24,2000,20.8,8,56,22,39.3,2.69,1.06,0.11,0.27,2,2,Matches
596,Ben Radcliffe,eng ENG,DF,Crawley Town,20,2004,16.4,0,5,2,40,0.3,0.12,0,0,0,0,Matches
597,Bojan Radulovic,rs SRB,FW,Huddersfield Town,24,1999,9.5,1,19,9,47.4,2,0.95,0.05,0.11,0,0,Matches
598,Joe Rafferty,ie IRL,DF,Rotherham United,30,1993,37.6,1,20,2,10,0.53,0.05,0.05,0.5,0,0,Matches
599,Sean Raggett,eng ENG,DF,Rotherham United,31,1993,7.2,1,7,3,42.9,0.97,0.42,0.14,0.33,0,0,Matches
600,Calvin Ramsay,sct SCO,DF,Wigan Athletic,21,2003,3.4,0,7,0,0,2.07,0,0,,0,0,Matches
Rk,Player,Nation,Pos,Squad,Age,Born,90s,Gls,Sh,SoT,SoT%,Sh/90,SoT/90,G/Sh,G/SoT,PK,PKatt,Matches
601,Kayne Ramsey,eng ENG,"DF,MF",Charlton Athletic,23,2000,29.5,1,14,5,35.7,0.47,0.17,0.07,0.2,0,0,Matches
602,Joel Randall,eng ENG,"MF,FW",Bolton Wanderers,24,1999,10.5,1,20,7,35,1.9,0.66,0.05,0.14,0,0,Matches
603,Joel Randall,eng ENG,MF,Peterborough United,24,1999,15.1,5,28,11,39.3,1.86,0.73,0.18,0.45,0,0,Matches
604,Dion Rankine,eng ENG,MF,Wigan Athletic,21,2002,12,1,11,4,36.4,0.92,0.33,0.09,0.25,0,0,Matches
605,Oliver Rathbone,eng ENG,MF,Wrexham,27,1996,34,9,49,16,32.7,1.44,0.47,0.18,0.56,0,0,Matches
606,Franco Ravizzoli,ar ARG,GK,Wycombe Wanderers,27,1997,27,0,0,0,,0,0,,,0,0,Matches
607,Adam Reach,eng ENG,"DF,MF",Wycombe Wanderers,31,1993,7.8,0,6,3,50,0.77,0.38,0,0,0,0,Matches
608,Louis Reed,eng ENG,MF,Mansfield Town,27,1997,37.2,0,32,8,25,0.86,0.22,0,0,0,0,Matches
609,Jamie Reid,nir NIR,"FW,MF",Stevenage,30,1994,34,8,65,29,44.6,1.91,0.85,0.11,0.24,1,2,Matches
610,Michael Reindorf,eng ENG,MF,Bristol Rovers,19,2005,0.9,0,2,2,100,2.25,2.25,0,0,0,0,Matches
611,Seb Revan,eng ENG,"MF,DF",Wrexham,21,2003,9.4,0,10,0,0,1.07,0,0,,0,0,Matches
612,Vicente Reyes,cl CHI,GK,Cambridge United,20,2003,20,0,0,0,,0,0,,,0,0,Matches
613,Jordan Rhodes,sct SCO,FW,Mansfield Town,34,1990,5.5,1,14,4,28.6,2.56,0.73,0.07,0.25,0,0,Matches
614,Jordan Rhodes,sct SCO,FW,Blackpool,34,1990,6.1,0,22,9,40.9,3.61,1.48,0,0,0,0,Matches
615,Harrison Rice,,MF,Bolton Wanderers,,,0,0,0,0,,0,0,,,0,0,Matches
616,Amani Richards,eng ENG,FW,Exeter City,19,2004,2.3,1,4,1,25,1.77,0.44,0.25,1,0,0,Matches
617,Jake Richards,eng ENG,"MF,DF",Exeter City,16,2007,7.6,1,2,1,50,0.26,0.13,0.5,1,0,0,Matches
618,Taylor Richards,eng ENG,MF,Cambridge United,23,2000,0.6,0,2,0,0,3.6,0,0,,0,0,Matches
619,Erik Ring,se SWE,MF,Lincoln City,22,2002,9.6,3,19,9,47.4,1.98,0.94,0.16,0.33,0,0,Matches
620,Jordan Roberts,eng ENG,MF,Stevenage,30,1994,35.7,4,45,16,35.6,1.26,0.45,0.09,0.25,0,0,Matches
621,Marc Roberts,eng ENG,DF,Barnsley,34,1990,34.2,3,21,12,57.1,0.61,0.35,0.14,0.25,0,0,Matches
622,Tyler Roberts,wls WAL,"FW,MF",Northampton Town,25,1999,19.2,1,44,15,34.1,2.3,0.78,0.02,0.07,0,0,Matches
623,Luke Robinson,sct SCO,DF,Wigan Athletic,22,2001,12.5,1,6,1,16.7,0.48,0.08,0.17,1,0,0,Matches
624,Clément Rodrigues,fr FRA,"MF,FW",Barnsley,23,2000,1.9,0,2,1,50,1.07,0.53,0,0,0,0,Matches
625,Jay Rodriguez,eng ENG,FW,Wrexham,35,1989,12.7,2,22,10,45.5,1.74,0.79,0.05,0.1,1,2,Matches
Rk,Player,Nation,Pos,Squad,Age,Born,90s,Gls,Sh,SoT,SoT%,Sh/90,SoT/90,G/Sh,G/SoT,PK,PKatt,Matches
626,Jack Roles,cy CYP,MF,Crawley Town,25,1999,6.9,0,10,2,20,1.44,0.29,0,0,0,0,Matches
627,Ruben Roosken,nl NED,MF,Huddersfield Town,24,2000,9.9,2,10,4,40,1.01,0.4,0.2,0.5,0,0,Matches
628,Oliver Rose,eng ENG,FW,Peterborough United,19,2004,0.1,0,0,0,,0,0,,,0,0,Matches
629,Jordan Rossiter,eng ENG,MF,Shrewsbury Town,27,1997,9.9,0,9,2,22.2,0.91,0.2,0,0,0,0,Matches
630,Sean Roughan,ie IRL,DF,Lincoln City,20,2003,46,1,18,6,33.3,0.39,0.13,0.06,0.17,0,0,Matches
631,Pelly Ruddock Mpanzu,cd COD,MF,Rotherham United,31,1993,16.9,1,16,4,25,0.95,0.24,0.06,0.25,0,0,Matches
632,Josh Ruffels,eng ENG,DF,Huddersfield Town,30,1993,15.9,0,15,3,20,0.95,0.19,0,0,0,0,Matches
633,Tivonge Rushesha,wls WAL,DF,Reading,22,2002,8.3,0,2,0,0,0.24,0,0,,0,0,Matches
634,Jonathan Russell,jm JAM,MF,Barnsley,23,2000,34.6,11,56,31,55.4,1.62,0.9,0.2,0.35,0,0,Matches
635,Ryan Rydel,eng ENG,"MF,DF",Stockport,23,2001,9.3,0,5,2,40,0.54,0.22,0,0,0,0,Matches
636,Kieran Sadlier,ie IRL,"MF,FW",Wycombe Wanderers,29,1994,5.1,1,9,4,44.4,1.78,0.79,0,0,1,1,Matches
637,Charles Sagoe Jr,eng ENG,MF,Shrewsbury Town,20,2004,5.5,0,6,2,33.3,1.1,0.37,0,0,0,0,Matches
638,Alfons Sampsted,is ISL,DF,Birmingham City,26,1998,6.2,1,2,2,100,0.32,0.32,0.5,0.5,0,0,Matches
639,Dion Sanderson,eng ENG,DF,Birmingham City,24,1999,1,0,0,0,,0,0,,,0,0,Matches
640,Ricardo Santos,,DF,Bolton Wanderers,29,1995,24.2,1,9,3,33.3,0.37,0.12,0.11,0.33,0,0,Matches
641,Charlie Savage,wls WAL,MF,Reading,21,2003,38.8,5,71,18,25.4,1.83,0.46,0.07,0.28,0,0,Matches
642,Toby Savin,ga GAB,GK,Shrewsbury Town,24,2000,19,0,0,0,,0,0,,,0,0,Matches
643,Romaine Sawyers,kn SKN,MF,Bristol Rovers,32,1991,9,1,7,3,42.9,0.77,0.33,0.14,0.33,0,0,Matches
644,Dan Scarr,eng ENG,DF,Wrexham,29,1994,12,0,6,2,33.3,0.5,0.17,0,0,0,0,Matches
645,Szabolcs Schön,hu HUN,MF,Bolton Wanderers,23,2000,30.1,1,43,13,30.2,1.43,0.43,0.02,0.08,0,0,Matches
646,Josh Scowen,eng ENG,MF,Wycombe Wanderers,31,1993,32.7,0,31,6,19.4,0.95,0.18,0,0,0,0,Matches
647,Joel Senior,jm JAM,"DF,MF",Bristol Rovers,36,1987,8.2,0,2,1,50,0.24,0.12,0,0,0,0,Matches
648,Steven Sessegnon,eng ENG,DF,Wigan Athletic,24,2000,9.9,0,10,1,10,1.01,0.1,0,0,0,0,Matches
649,Paik Seung-ho,kr KOR,MF,Birmingham City,27,1997,36.6,1,38,11,28.9,1.04,0.3,0.03,0.09,0,0,Matches
650,Sonny Sharples,,MF,Bolton Wanderers,,,0.5,0,0,0,,0,0,,,0,0,Matches
Rk,Player,Nation,Pos,Squad,Age,Born,90s,Gls,Sh,SoT,SoT%,Sh/90,SoT/90,G/Sh,G/SoT,PK,PKatt,Matches
651,Kofi Shaw,,MF,Bristol Rovers,,,11,0,17,4,23.5,1.54,0.36,0,0,0,0,Matches
652,Liam Shaw,eng ENG,MF,Northampton Town,23,2001,7.8,2,10,4,40,1.28,0.51,0.2,0.5,0,0,Matches
653,Josh Sheehan,wls WAL,MF,Bolton Wanderers,29,1995,27.8,3,36,13,36.1,1.3,0.47,0.08,0.23,0,0,Matches
654,Jordan Shipley,ie IRL,MF,Shrewsbury Town,26,1997,16.9,2,19,6,31.6,1.12,0.36,0.11,0.33,0,0,Matches
655,Bolu Shofowoke,,FW,Peterborough United,,,0,0,0,0,,0,0,,,0,0,Matches
656,Tola Showunmi,eng ENG,FW,Crawley Town,24,2000,11.2,4,25,9,36,2.23,0.8,0.16,0.44,0,0,Matches
657,Toby Sibbick,ug UGA,DF,Wigan Athletic,25,1999,22.2,0,9,2,22.2,0.41,0.09,0,0,0,0,Matches
658,Louie Sibley,eng ENG,MF,Rotherham United,22,2001,15.1,2,18,5,27.8,1.19,0.33,0.11,0.4,0,0,Matches
659,Sam Silvera,au AUS,MF,Blackpool,23,2000,5,1,9,1,11.1,1.78,0.2,0.11,1,0,0,Matches
660,Xavier Simons,eng ENG,MF,Wycombe Wanderers,21,2003,11.3,0,14,5,35.7,1.24,0.44,0,0,0,0,Matches
661,Jack Simpson,eng ENG,DF,Leyton Orient,27,1996,10.7,0,5,2,40,0.47,0.19,0,0,0,0,Matches
662,Tyreece Simpson,kn SKN,FW,Stevenage,22,2002,7.1,0,6,3,50,0.85,0.42,0,0,0,0,Matches
663,Scott Sinclair,eng ENG,"MF,FW",Bristol Rovers,35,1989,20.4,4,40,13,32.5,1.97,0.64,0.1,0.31,0,0,Matches
664,Declan Skura,eng ENG,DF,Wycombe Wanderers,22,2002,6.1,0,3,1,33.3,0.49,0.16,0,0,0,0,Matches
665,Gaga Slonina,us USA,GK,Barnsley,20,2004,11,0,0,0,,0,0,,,0,0,Matches
666,Thierry Small,eng ENG,"MF,DF",Charlton Athletic,19,2004,31.8,2,42,13,31,1.32,0.41,0.05,0.15,0,0,Matches
667,Jackson Smith,eng ENG,GK,Barnsley,22,2001,4.3,0,0,0,,0,0,,,0,0,Matches
668,Jonny Smith,eng ENG,MF,Wigan Athletic,27,1997,19.6,3,45,21,46.7,2.3,1.07,0.07,0.14,0,0,Matches
669,Kane Smith,eng ENG,DF,Stevenage,28,1996,12.1,0,5,2,40,0.41,0.17,0,0,0,0,Matches
670,Korey Smith,eng ENG,MF,Cambridge United,33,1991,22.5,1,24,8,33.3,1.07,0.36,0.04,0.13,0,0,Matches
671,Matthew Smith,eng ENG,MF,Wigan Athletic,23,2000,14.5,1,11,1,9.1,0.76,0.07,0.09,1,0,0,Matches
672,Sam Smith,eng ENG,FW,Reading,26,1998,23.7,11,55,28,50.9,2.32,1.18,0.18,0.36,1,1,Matches
673,Sam Smith,eng ENG,FW,Wrexham,26,1998,17,7,40,18,45,2.36,1.06,0.18,0.39,0,0,Matches
674,Scott Smith,wls WAL,MF,Wigan Athletic,23,2001,21.4,0,12,3,25,0.56,0.14,0,0,0,0,Matches
675,Ruel Sotiriou,cy CYP,"MF,FW",Bristol Rovers,23,2000,27.7,6,46,12,26.1,1.66,0.43,0.13,0.5,0,0,Matches
Rk,Player,Nation,Pos,Squad,Age,Born,90s,Gls,Sh,SoT,SoT%,Sh/90,SoT/90,G/Sh,G/SoT,PK,PKatt,Matches
676,Lino Sousa,eng ENG,"DF,MF",Bristol Rovers,19,2005,14.5,0,5,1,20,0.35,0.07,0,0,0,0,Matches
677,Macauley Southam-Hales,wls WAL,"MF,DF",Stockport,28,1996,13.6,3,8,3,37.5,0.59,0.22,0.38,1,0,0,Matches
678,Luke Southwood,nir NIR,GK,Bolton Wanderers,26,1997,20,0,1,0,0,0.05,0,0,,0,0,Matches
679,Jack Sowerby,eng ENG,MF,Northampton Town,29,1995,6.8,0,0,0,,0,0,,,0,0,Matches
680,Jack Sparkes,eng ENG,DF,Peterborough United,23,2000,17,0,8,3,37.5,0.47,0.18,0,0,0,0,Matches
681,Shay Spencer,,MF,Reading,,,0.1,0,0,0,,0,0,,,0,0,Matches
682,Jason Sraha,eng ENG,DF,Burton Albion,21,2002,11.1,0,7,3,42.9,0.63,0.27,0,0,0,0,Matches
683,Jay Stansfield,eng ENG,"FW,MF",Birmingham City,21,2002,29.8,19,101,39,38.6,3.39,1.31,0.1,0.26,9,10,Matches
684,Jed Steer,eng ENG,GK,Peterborough United,31,1992,25,0,0,0,,0,0,,,0,0,Matches
685,Jack Stevens,eng ENG,GK,Cambridge United,26,1997,11.1,0,1,0,0,0.09,0,0,,0,0,Matches
686,Ben Stevenson,eng ENG,MF,Cambridge United,27,1997,11.9,0,5,0,0,0.42,0,0,,0,0,Matches
687,Toby Steward,eng ENG,GK,Crawley Town,19,2005,4,0,0,0,,0,0,,,0,0,Matches
688,Callum Stewart,eng ENG,"FW,MF",Shrewsbury Town,22,2001,4.2,0,7,1,14.3,1.66,0.24,0,0,0,0,Matches
689,Michael Stickland,eng ENG,DF,Reading,21,2002,3.8,0,1,0,0,0.26,0,0,,0,0,Matches
690,Joshua Stokes,,MF,Cambridge United,,,26.2,7,64,25,39.1,2.45,0.96,0.08,0.2,2,3,Matches
691,Josh Stones,eng ENG,FW,Wigan Athletic,20,2003,0.8,0,3,2,66.7,3.55,2.37,0,0,0,0,Matches
692,Robert Street,eng ENG,"FW,MF",Lincoln City,22,2001,0.6,0,2,0,0,3.16,0,0,,0,0,Matches
693,Jack Stretton,eng ENG,FW,Burton Albion,22,2001,0.5,0,1,0,0,2,0,0,,0,0,Matches
694,Jack Stretton,eng ENG,FW,Stockport,22,2001,0.4,0,0,0,,0,0,,,0,0,Matches
695,Ronnie Stutter,eng ENG,FW,Burton Albion,19,2005,0.2,0,1,1,100,4.74,4.74,0,0,0,0,Matches
696,Mahamadou Susoho,es ESP,MF,Peterborough United,19,2005,7.4,1,5,3,60,0.67,0.4,0.2,0.33,0,0,Matches
697,Will Swan,eng ENG,"FW,MF",Crawley Town,23,2000,26.8,7,40,20,50,1.49,0.75,0.18,0.35,0,0,Matches
698,Will Swan,eng ENG,FW,Mansfield Town,23,2000,0.2,0,0,0,,0,0,,,0,0,Matches
699,Dan Sweeney,eng ENG,DF,Stevenage,30,1994,13.7,1,9,6,66.7,0.66,0.44,0.11,0.17,0,0,Matches
700,Jayden Sweeney,eng ENG,DF,Leyton Orient,22,2001,9.7,1,5,2,40,0.51,0.21,0.2,0.5,0,0,Matches
Rk,Player,Nation,Pos,Squad,Age,Born,90s,Gls,Sh,SoT,SoT%,Sh/90,SoT/90,G/Sh,G/SoT,PK,PKatt,Matches
701,Pierce Sweeney,ie IRL,DF,Exeter City,29,1994,17.9,0,9,2,22.2,0.5,0.11,0,0,0,0,Matches
702,Ryan Sweeney,ie IRL,DF,Burton Albion,27,1997,41.2,2,36,11,30.6,0.87,0.27,0.06,0.18,0,0,Matches
703,Sil Swinkels,nl NED,DF,Bristol Rovers,20,2004,9.8,2,7,3,42.9,0.71,0.31,0.29,0.67,0,0,Matches
704,Chris Sze,eng ENG,"MF,FW",Wigan Athletic,20,2003,3.6,1,7,2,28.6,1.95,0.56,0.14,0.5,0,0,Matches
705,Lasse Sørensen,dk DEN,"MF,DF",Huddersfield Town,24,1999,22.9,0,10,2,20,0.44,0.09,0,0,0,0,Matches
706,Ryan Tafazolli,eng ENG,DF,Wycombe Wanderers,32,1991,0.6,0,0,0,,0,0,,,0,0,Matches
707,Benjamin Tanimu,ng NGA,DF,Crawley Town,22,2002,1.8,0,1,1,100,0.56,0.56,0,0,0,0,Matches
708,Josh Taroi,,DF,Burton Albion,,,0.1,0,0,0,,0,0,,,0,0,Matches
709,Fabio Tavares,eng ENG,FW,Burton Albion,23,2001,2.1,2,4,4,100,1.88,1.88,0.5,0.5,0,0,Matches
710,Caleb Taylor,eng ENG,DF,Wycombe Wanderers,21,2003,35.3,3,37,13,35.1,1.05,0.37,0.08,0.23,0,0,Matches
711,Connor Taylor,eng ENG,DF,Bristol Rovers,22,2001,38.9,1,19,4,21.1,0.49,0.1,0.05,0.25,0,0,Matches
712,Dale Taylor,nir NIR,FW,Wigan Athletic,20,2003,37.2,10,50,20,40,1.34,0.54,0.18,0.45,1,1,Matches
713,Joseph Taylor,wls WAL,"FW,MF",Huddersfield Town,21,2002,7.2,2,14,5,35.7,1.95,0.7,0.14,0.4,0,0,Matches
714,Terry Taylor,sct SCO,MF,Charlton Athletic,23,2001,5.7,0,5,1,20,0.87,0.17,0,0,0,0,Matches
715,Terry Taylor,sct SCO,MF,Northampton Town,23,2001,18.7,1,14,4,28.6,0.75,0.21,0.07,0.25,0,0,Matches
716,Luke Thomas,eng ENG,MF,Bristol Rovers,25,1999,21.3,2,17,4,23.5,0.8,0.19,0.12,0.5,0,0,Matches
717,Silko Thomas,eng ENG,MF,Wigan Athletic,20,2004,17.1,0,18,5,27.8,1.05,0.29,0,0,0,0,Matches
718,George Thomason,eng ENG,MF,Bolton Wanderers,22,2002,33.8,4,39,10,25.6,1.15,0.3,0.1,0.4,0,0,Matches
719,Ben Thompson,eng ENG,MF,Stevenage,28,1995,0,0,1,0,0,90,0,0,,0,0,Matches
720,Dominic Thompson,eng ENG,"DF,MF",Blackpool,24,2000,0.4,0,0,0,,0,0,,,0,0,Matches
721,Louis Thompson,wls WAL,MF,Stevenage,29,1994,33.4,2,32,6,18.8,0.96,0.18,0.06,0.33,0,0,Matches
722,Nathan Thompson,eng ENG,DF,Stevenage,33,1990,13,0,10,2,20,0.77,0.15,0,0,0,0,Matches
723,Sam Tickle,eng ENG,GK,Wigan Athletic,22,2002,46,0,0,0,,0,0,,,0,0,Matches
724,Christ Tiéhi,ci CIV,MF,Rotherham United,26,1998,12.4,0,10,2,20,0.81,0.16,0,0,0,0,Matches
725,Eoin Toal,nir NIR,DF,Bolton Wanderers,25,1999,17.2,2,6,4,66.7,0.35,0.23,0.33,0.5,0,0,Matches
Rk,Player,Nation,Pos,Squad,Age,Born,90s,Gls,Sh,SoT,SoT%,Sh/90,SoT/90,G/Sh,G/SoT,PK,PKatt,Matches
726,Ibou Touray,gm GAM,"MF,DF",Stockport,29,1994,36.3,0,14,1,7.1,0.39,0.03,0,0,0,0,Matches
727,Ryan Trevitt,eng ENG,MF,Exeter City,21,2003,9.8,1,17,4,23.5,1.73,0.41,0.06,0.25,0,0,Matches
728,Connal Trueman,eng ENG,GK,Crawley Town,28,1996,4,0,0,0,,0,0,,,0,0,Matches
729,Basil Tuma,mt MLT,FW,Reading,18,2006,0.5,0,0,0,,0,0,,,0,0,Matches
730,Ed Turns,wls WAL,DF,Exeter City,21,2002,12.2,0,3,0,0,0.25,0,0,,0,0,Matches
731,Oliver Turton,eng ENG,"MF,DF",Huddersfield Town,31,1992,20.6,1,15,2,13.3,0.73,0.1,0.07,0.5,0,0,Matches
732,Harry Tyrer,eng ENG,GK,Blackpool,22,2001,38,0,0,0,,0,0,,,0,0,Matches
733,Nik Tzanev,nz NZL,GK,Northampton Town,27,1996,16.2,0,0,0,,0,0,,,0,0,Matches
734,Daniel Udoh,ng NGA,"FW,MF",Wycombe Wanderers,27,1996,27.7,9,56,26,46.4,2.02,0.94,0.16,0.35,0,0,Matches
735,Terence Vancooten,gy GUY,DF,Burton Albion,26,1997,28,1,12,1,8.3,0.43,0.04,0.08,1,0,0,Matches
736,Caylon Vickers,eng ENG,"FW,MF",Mansfield Town,19,2004,13.7,2,27,7,25.9,1.98,0.51,0.07,0.29,0,0,Matches
737,Sam Vokes,wls WAL,FW,Wycombe Wanderers,34,1989,0.5,2,3,2,66.7,5.51,3.67,0.67,1,0,0,Matches
738,Martyn Waghorn,eng ENG,"FW,MF",Northampton Town,34,1990,1.1,0,5,0,0,4.46,0,0,,0,0,Matches
739,Ben Waine,nz NZL,FW,Mansfield Town,23,2001,5.1,2,12,4,33.3,2.36,0.79,0.17,0.5,0,0,Matches
740,Oscar Wallin,se SWE,DF,Peterborough United,23,2001,31.3,0,8,1,12.5,0.26,0.03,0,0,0,0,Matches
741,Danny Ward,eng ENG,FW,Huddersfield Town,32,1991,6.8,0,13,4,30.8,1.9,0.59,0,0,0,0,Matches
742,Grant Ward,eng ENG,MF,Bristol Rovers,29,1994,20.6,1,9,3,33.3,0.44,0.15,0.11,0.33,0,0,Matches
743,Jed Ward,eng ENG,GK,Bristol Rovers,21,2003,18,0,0,0,,0,0,,,0,0,Matches
744,Jayden Wareham,eng ENG,FW,Reading,21,2003,17,5,33,12,36.4,1.95,0.71,0.15,0.42,0,0,Matches
745,Lewis Warrington,eng ENG,MF,Leyton Orient,21,2002,2.8,0,2,0,0,0.73,0,0,,0,0,Matches
746,Louie Watson,ie IRL,MF,Crawley Town,23,2001,3.6,0,3,1,33.3,0.84,0.28,0,0,0,0,Matches
747,Tennai Watson,eng ENG,"MF,DF",Charlton Athletic,27,1997,5.6,0,1,1,100,0.18,0.18,0,0,0,0,Matches
748,Elliot Watt,sct SCO,MF,Burton Albion,24,2000,24.1,0,19,5,26.3,0.79,0.21,0,0,0,0,Matches
749,Max Watters,eng ENG,FW,Barnsley,25,1999,15.6,5,33,18,54.5,2.12,1.16,0.15,0.28,0,0,Matches
750,Caleb Watts,au AUS,MF,Exeter City,22,2002,17.1,4,33,15,45.5,1.93,0.88,0.12,0.27,0,0,Matches
Rk,Player,Nation,Pos,Squad,Age,Born,90s,Gls,Sh,SoT,SoT%,Sh/90,SoT/90,G/Sh,G/SoT,PK,PKatt,Matches
751,Kelland Watts,eng ENG,DF,Cambridge United,24,1999,25.4,0,17,6,35.3,0.67,0.24,0,0,0,0,Matches
752,Charlie Webster,eng ENG,MF,Burton Albion,20,2004,23.8,5,43,13,30.2,1.81,0.55,0.12,0.38,0,0,Matches
753,Jensen Weir,sct SCO,"MF,FW",Wigan Athletic,22,2002,21.9,0,26,4,15.4,1.19,0.18,0,0,0,0,Matches
754,Magnus Westergaard,dk DEN,MF,Wycombe Wanderers,26,1998,0.7,0,1,0,0,1.45,0,0,,0,0,Matches
755,David Wheeler,eng ENG,MF,Wycombe Wanderers,33,1990,1.1,0,2,1,50,1.86,0.93,0,0,0,0,Matches
756,David Wheeler,eng ENG,"MF,FW",Shrewsbury Town,33,1990,5.1,0,6,1,16.7,1.18,0.2,0,0,0,0,Matches
757,Harvey White,eng ENG,MF,Stevenage,22,2001,25.2,2,33,8,24.2,1.31,0.32,0.03,0.13,1,1,Matches
758,Ben Whitfield,eng ENG,MF,Burton Albion,28,1996,13.8,1,26,8,30.8,1.89,0.58,0.04,0.13,0,0,Matches
759,Joseph Whitworth,eng ENG,GK,Exeter City,20,2004,46,0,0,0,,0,0,,,0,0,Matches
760,George Wickens,eng ENG,GK,Lincoln City,22,2001,35.8,0,0,0,,0,0,,,0,0,Matches
761,Luther Wildin,ag ATG,DF,Stevenage,26,1997,29,0,4,1,25,0.14,0.03,0,0,0,0,Matches
762,Ben Wiles,eng ENG,MF,Huddersfield Town,25,1999,38,8,76,25,32.9,2,0.66,0.11,0.32,0,0,Matches
763,Mallik Wilks,eng ENG,"FW,MF",Rotherham United,25,1998,36.5,9,113,48,42.5,3.09,1.31,0.07,0.17,1,1,Matches
764,Dylan Williams,eng ENG,"MF,DF",Burton Albion,20,2003,16.4,1,9,4,44.4,0.55,0.24,0.11,0.25,0,0,Matches
765,George Williams,eng ENG,DF,Mansfield Town,31,1993,7.1,0,0,0,,0,0,,,0,0,Matches
766,Jay Williams,kn SKN,MF,Crawley Town,23,2000,11.4,0,10,2,20,0.87,0.17,0,0,0,0,Matches
767,Randell Williams,eng ENG,MF,Bolton Wanderers,27,1996,8.3,1,12,3,25,1.45,0.36,0.08,0.33,0,0,Matches
768,Randell Williams,eng ENG,MF,Leyton Orient,27,1996,11,2,12,5,41.7,1.1,0.46,0.17,0.4,0,0,Matches
769,Jordan Willis,eng ENG,DF,Northampton Town,29,1994,9.1,0,0,0,,0,0,,,0,0,Matches
770,James Wilson,wls WAL,DF,Bristol Rovers,35,1989,46,2,14,5,35.7,0.3,0.11,0.14,0.4,0,0,Matches
771,James Wilson,eng ENG,"FW,MF",Northampton Town,28,1995,1.6,0,1,1,100,0.64,0.64,0,0,0,0,Matches
772,Carl Winchester,nir NIR,MF,Shrewsbury Town,31,1993,11.5,1,9,2,22.2,0.78,0.17,0.11,0.5,0,0,Matches
773,Lewis Wing,eng ENG,MF,Reading,29,1995,46,9,92,24,26.1,2,0.52,0.1,0.38,0,0,Matches
774,Jojo Wollacott,gh GHA,GK,Crawley Town,27,1996,33,0,0,0,,0,0,,,0,0,Matches
775,Ryan Woods,eng ENG,MF,Exeter City,30,1993,29.1,2,4,2,50,0.14,0.07,0.5,1,0,0,Matches
Rk,Player,Nation,Pos,Squad,Age,Born,90s,Gls,Sh,SoT,SoT%,Sh/90,SoT/90,G/Sh,G/SoT,PK,PKatt,Matches
776,Kyle Wootton,eng ENG,FW,Stockport,27,1996,39.9,11,95,44,46.3,2.38,1.1,0.12,0.25,0,0,Matches
777,Scott Wright,sct SCO,MF,Birmingham City,26,1997,4.9,1,13,2,15.4,2.65,0.41,0.08,0.5,0,0,Matches
778,Gassan Yahyai,ma MAR,FW,Charlton Athletic,24,2000,9.3,1,13,7,53.8,1.4,0.75,0.08,0.14,0,0,Matches
779,Johnly Yfeko,eng ENG,DF,Exeter City,21,2003,11.1,0,5,0,0,0.45,0,0,,0,0,Matches
780,Andy Yiadom,gh GHA,DF,Reading,32,1991,5.5,0,3,1,33.3,0.55,0.18,0,0,0,0,Matches
781,Vimal Yoganathan,wls WAL,MF,Barnsley,18,2006,1.2,0,3,0,0,2.43,0,0,,0,0,Matches
782,Tony Yogane,eng ENG,MF,Exeter City,18,2005,8.1,0,8,3,37.5,0.99,0.37,0,0,0,0,Matches
783,Ayumu Yokoyama,jp JPN,MF,Birmingham City,21,2003,1.9,0,7,3,42.9,3.73,1.6,0,0,0,0,Matches
784,Jake Young,eng ENG,"FW,MF",Stevenage,23,2001,10.2,4,25,13,52,2.45,1.27,0.16,0.31,0,0,Matches
785,Willum Þór Willumsson,is ISL,MF,Birmingham City,25,1998,34,6,54,18,33.3,1.59,0.53,0.11,0.33,0,0,Matches
