,,,,,,,Playing Time,,,,Performance,,,,,,,,Per 90 Minutes,,,,,
Rk,Player,Nation,Pos,Squad,Age,Born,MP,Starts,Min,90s,Gls,Ast,G+A,G-PK,PK,PKatt,CrdY,CrdR,Gls,Ast,G+A,G-PK,G+A-PK,Matches
1,Thelo Aasgaard,no NOR,MF,Wigan Athletic,22,2002,26,23,"2,082",23.1,9,1,10,9,0,0,1,0,0.39,0.04,0.43,0.39,0.43,Matches
2,Azeem Abdulai,sct SCO,"MF,FW",Leyton Orient,21,2002,21,11,"1,047",11.6,4,1,5,4,0,0,4,0,0.34,0.09,0.43,0.34,0.43,Matches
3,Dave Abimbola,,FW,Bolton Wanderers,,,4,1,104,1.2,0,0,0,0,0,0,0,0,0,0,0,0,0,Matches
4,Ken Aboh,eng ENG,FW,Stevenage,19,2004,3,0,61,0.7,0,0,0,0,0,0,1,0,0,0,0,0,0,Matches
5,Kelvin Abrefa,eng ENG,DF,Reading,20,2003,27,11,"1,182",13.1,0,0,0,0,0,0,1,0,0,0,0,0,0,Matches
6,Tayo Adaramola,ie IRL,"DF,MF",Stockport,20,2003,6,3,253,2.8,0,0,0,0,0,0,1,0,0,0,0,0,0,Matches
7,Corey Addai,jm JAM,GK,Stockport,26,1997,29,28,"2,521",28,0,0,0,0,0,0,0,0,0,0,0,0,0,Matches
8,Rio Adebisi,eng ENG,"DF,MF",Peterborough United,23,2000,1,0,13,0.1,0,0,0,0,0,0,0,0,0,0,0,0,0,Matches
9,Victor Adeboyejo,eng ENG,FW,Bolton Wanderers,26,1998,27,12,"1,190",13.2,3,0,3,3,0,0,2,0,0.23,0,0.23,0.23,0.23,Matches
10,Babajide Adeeko,ie IRL,MF,Wigan Athletic,21,2003,31,23,"2,020",22.4,1,0,1,1,0,0,6,0,0.04,0,0.04,0.04,0.04,Matches
11,Ade Adeyemo,eng ENG,MF,Crawley Town,26,1998,29,11,"1,162",12.9,4,0,4,4,0,0,3,0,0.31,0,0.31,0.31,0.31,Matches
12,Dan Agyei,eng ENG,"MF,FW",Leyton Orient,27,1997,41,31,"2,608",29,7,8,15,7,0,0,4,0,0.24,0.28,0.52,0.24,0.52,Matches
13,Ashqar Ahmed,,DF,Reading,,,5,0,63,0.7,0,0,0,0,0,0,1,0,0,0,0,0,0,Matches
14,Will Aimson,eng ENG,DF,Wigan Athletic,28,1995,43,42,"3,701",41.1,0,1,1,0,0,0,7,1,0,0.02,0.02,0,0.02,Matches
15,Jack Aitchison,sct SCO,MF,Exeter City,24,2000,28,22,"1,791",19.9,0,2,2,0,0,0,3,0,0,0.1,0.1,0,0.1,Matches
16,David Ajiboye,eng ENG,"MF,DF",Peterborough United,25,1998,6,2,208,2.3,0,0,0,0,0,0,0,0,0,0,0,0,0,Matches
17,Adrian Akande,ng NGA,FW,Reading,20,2003,15,4,442,4.9,0,1,1,0,0,0,0,0,0,0.2,0.2,0,0.2,Matches
18,Lucas Akins,gd GRN,"FW,MF",Mansfield Town,35,1989,34,29,"2,639",29.3,2,4,6,2,0,1,3,0,0.07,0.14,0.2,0.07,0.2,Matches
19,Nicholas Akoto,us USA,"MF,DF",Burton Albion,25,1998,14,6,620,6.9,0,0,0,0,0,0,1,0,0,0,0,0,0,Matches
20,Millenic Alli,ie IRL,"FW,MF",Exeter City,24,2000,25,19,"1,767",19.6,9,1,10,9,0,1,2,0,0.46,0.05,0.51,0.46,0.51,Matches
21,Ryan Allsop,eng ENG,GK,Birmingham City,32,1992,38,38,"3,419",38,0,1,1,0,0,0,5,0,0,0.03,0.03,0,0.03,Matches
22,Karoy Anderson,jm JAM,MF,Charlton Athletic,19,2004,38,16,"1,669",18.5,2,0,2,2,0,0,8,0,0.11,0,0.11,0.11,0.11,Matches
23,Keshi Anderson,eng ENG,MF,Birmingham City,29,1995,37,27,"2,206",24.5,7,5,12,7,0,0,6,0,0.29,0.2,0.49,0.29,0.49,Matches
24,Max Anderson,sct SCO,MF,Crawley Town,23,2001,39,32,"2,510",27.9,3,3,6,3,0,0,5,0,0.11,0.11,0.22,0.11,0.22,Matches
25,Taylor Anderson,eng ENG,DF,Mansfield Town,19,2004,1,0,2,0,0,0,0,0,0,0,0,0,0,0,0,0,0,Matches
Rk,Player,Nation,Pos,Squad,Age,Born,MP,Starts,Min,90s,Gls,Ast,G+A,G-PK,PK,PKatt,CrdY,CrdR,Gls,Ast,G+A,G-PK,G+A-PK,Matches
26,Benoný Andrésson,is ISL,FW,Stockport,18,2005,11,2,279,3.1,4,0,4,4,0,0,0,0,1.29,0,1.29,1.29,1.29,Matches
27,Danny Andrew,eng ENG,"DF,MF",Cambridge United,33,1990,32,25,"2,287",25.4,1,2,3,1,0,0,7,0,0.04,0.08,0.12,0.04,0.12,Matches
28,Joseph Andrews,wls WAL,MF,Peterborough United,18,2006,1,0,10,0.1,0,0,0,0,0,0,0,0,0,0,0,0,0,Matches
29,Chuks Aneke,eng ENG,"FW,MF",Charlton Athletic,31,1993,26,0,637,7.1,1,5,6,1,0,0,3,1,0.14,0.71,0.85,0.14,0.85,Matches
30,Louis Appere,sct SCO,FW,Stevenage,25,1999,17,7,634,7,0,2,2,0,0,0,0,0,0,0.28,0.28,0,0.28,Matches
31,Robert Apter,sct SCO,MF,Blackpool,21,2003,45,40,"3,201",35.6,8,3,11,8,0,0,0,0,0.22,0.08,0.31,0.22,0.31,Matches
32,Scott Arfield,ca CAN,MF,Bolton Wanderers,35,1988,12,3,312,3.5,0,1,1,0,0,0,1,0,0,0.29,0.29,0,0.29,Matches
33,Jack Armer,sct SCO,DF,Burton Albion,23,2001,38,33,"3,065",34.1,0,1,1,0,0,0,6,0,0,0.03,0.03,0,0.03,Matches
34,Maleace Asamoah,eng ENG,"FW,MF",Wigan Athletic,21,2002,16,10,878,9.8,1,1,2,1,0,0,1,0,0.1,0.1,0.21,0.1,0.21,Matches
35,Taye Ashby-Hammond,eng ENG,GK,Stevenage,25,1999,9,9,810,9,0,0,0,0,0,0,0,0,0,0,0,0,0,Matches
36,Zachary Ashworth,wls WAL,DF,Blackpool,21,2002,6,1,185,2.1,0,0,0,0,0,0,1,0,0,0,0,0,0,Matches
37,Femi Azeez,eng ENG,MF,Reading,23,2001,1,0,29,0.3,0,0,0,0,0,0,0,0,0,0,0,0,0,Matches
38,Keanu Baccus,au AUS,MF,Mansfield Town,26,1998,39,32,"2,673",29.7,4,7,11,4,0,0,7,0,0.13,0.24,0.37,0.13,0.37,Matches
39,Fin Back,eng ENG,DF,Wycombe Wanderers,21,2002,2,1,75,0.8,0,0,0,0,0,0,0,0,0,0,0,0,0,Matches
40,Elkan Baggott,id IDN,DF,Blackpool,21,2002,18,15,"1,332",14.8,0,1,1,0,0,0,3,0,0,0.07,0.07,0,0.07,Matches
41,Odin Bailey,eng ENG,MF,Stockport,24,1999,30,8,985,10.9,2,2,4,2,0,0,2,0,0.18,0.18,0.37,0.18,0.37,Matches
42,Geraldo Bajrami,al ALB,DF,Burton Albion,24,1999,1,0,15,0.2,0,0,0,0,0,0,1,0,0,0,0,0,0,Matches
43,Tyreeq Bakinson,eng ENG,MF,Wycombe Wanderers,25,1998,25,10,891,9.9,0,0,0,0,0,0,5,0,0,0,0,0,0,Matches
44,Jack Baldwin,eng ENG,DF,Northampton Town,31,1993,22,11,"1,133",12.6,1,0,1,1,0,0,3,0,0.08,0,0.08,0.08,0.08,Matches
45,Radinio Balker,sr SUR,DF,Huddersfield Town,25,1998,14,10,774,8.6,0,0,0,0,0,0,1,0,0,0,0,0,0,Matches
46,Dominic Ball,eng ENG,MF,Leyton Orient,28,1995,31,11,"1,276",14.2,0,2,2,0,0,0,6,0,0,0.14,0.14,0,0.14,Matches
47,Dominic Ballard,eng ENG,FW,Cambridge United,19,2005,17,11,960,10.7,2,1,3,2,0,0,0,0,0.19,0.09,0.28,0.19,0.28,Matches
48,Dominic Ballard,eng ENG,"FW,MF",Blackpool,19,2005,18,10,793,8.8,1,0,1,1,0,0,1,0,0.11,0,0.11,0.11,0.11,Matches
49,Alex Bannon,sct SCO,"DF,MF",Burton Albion,20,2003,9,9,732,8.1,0,0,0,0,0,0,1,0,0,0,0,0,0,Matches
50,Charlie Barker,eng ENG,DF,Crawley Town,21,2003,39,37,"3,365",37.4,1,1,2,1,0,0,10,0,0.03,0.03,0.05,0.03,0.05,Matches
Rk,Player,Nation,Pos,Squad,Age,Born,MP,Starts,Min,90s,Gls,Ast,G+A,G-PK,PK,PKatt,CrdY,CrdR,Gls,Ast,G+A,G-PK,G+A-PK,Matches
51,Ryan Barnett,eng ENG,"DF,MF",Wrexham,24,1999,40,31,"2,867",31.9,2,9,11,2,0,0,1,0,0.06,0.28,0.35,0.06,0.35,Matches
52,Connor Barrett,eng ENG,DF,Barnsley,22,2002,5,1,179,2,0,0,0,0,0,0,0,0,0,0,0,0,0,Matches
53,Louie Barry,eng ENG,"MF,FW",Stockport,21,2003,23,22,"1,787",19.9,15,3,18,11,4,4,2,0,0.76,0.15,0.91,0.55,0.71,Matches
54,Jaiden Bartolo,gi GIB,FW,Wycombe Wanderers,18,2006,2,0,35,0.4,0,0,0,0,0,0,0,0,0,0,0,0,0,Matches
55,Daniel Barton,eng ENG,"MF,FW",Cambridge United,19,2005,16,6,614,6.8,0,0,0,0,0,0,0,0,0,0,0,0,0,Matches
56,Lewis Bate,eng ENG,MF,Stockport,21,2002,32,28,"2,371",26.3,2,4,6,2,0,0,5,0,0.08,0.15,0.23,0.08,0.23,Matches
57,Ellis Bates,,DF,Stevenage,,,1,0,4,0,0,0,0,0,0,0,0,0,0,0,0,0,0,Matches
58,Nathan Baxter,eng ENG,GK,Bolton Wanderers,25,1998,26,26,"2,340",26,0,0,0,0,0,0,4,0,0,0,0,0,0,Matches
59,Tom Bayliss,eng ENG,MF,Lincoln City,25,1999,34,22,"2,013",22.4,3,4,7,3,0,0,4,0,0.13,0.18,0.31,0.13,0.31,Matches
60,Omar Beckles,gd GRN,DF,Leyton Orient,32,1991,32,29,"2,653",29.5,3,0,3,3,0,0,6,0,0.1,0,0.1,0.1,0.1,Matches
61,Jake Beesley,eng ENG,"FW,MF",Blackpool,27,1996,22,3,484,5.4,1,1,2,1,0,0,3,1,0.19,0.19,0.37,0.19,0.37,Matches
62,Liam Bennett,eng ENG,"MF,DF",Cambridge United,22,2001,41,34,"2,997",33.3,1,3,4,1,0,0,6,0,0.03,0.09,0.12,0.03,0.12,Matches
63,Mason Bennett,eng ENG,"MF,FW",Burton Albion,28,1996,34,15,"1,423",15.8,2,0,2,1,1,1,7,0,0.13,0,0.13,0.06,0.06,Matches
64,Malvind Benning,eng ENG,"DF,MF",Shrewsbury Town,30,1993,44,39,"3,622",40.2,3,5,8,2,1,1,10,0,0.07,0.12,0.2,0.05,0.17,Matches
65,Josh Benson,eng ENG,MF,Barnsley,24,1999,14,2,407,4.5,1,1,2,1,0,0,1,0,0.22,0.22,0.44,0.22,0.44,Matches
66,James Berry,eng ENG,MF,Wycombe Wanderers,23,2000,3,0,37,0.4,0,0,0,0,0,0,0,0,0,0,0,0,0,Matches
67,Luke Berry,eng ENG,MF,Charlton Athletic,32,1992,41,32,"2,420",26.9,7,5,12,7,0,0,9,0,0.26,0.19,0.45,0.26,0.45,Matches
68,Krystian Bielik,pl POL,DF,Birmingham City,26,1998,32,20,"1,843",20.5,1,0,1,1,0,0,5,1,0.05,0,0.05,0.05,0.05,Matches
69,Harrison Biggins,eng ENG,MF,Shrewsbury Town,28,1996,17,7,729,8.1,0,0,0,0,0,0,3,0,0,0,0,0,0,Matches
70,Nicholas Bilokapic,au AUS,GK,Peterborough United,21,2002,18,18,"1,620",18,0,0,0,0,0,0,2,0,0,0,0,0,0,Matches
71,Bryant Bilongo,eng ENG,"MF,DF",Bristol Rovers,22,2001,14,11,839,9.3,1,2,3,1,0,0,0,0,0.11,0.21,0.32,0.11,0.32,Matches
72,Tyler Bindon,nz NZL,DF,Reading,19,2005,44,44,"3,942",43.8,2,0,2,2,0,0,3,0,0.05,0,0.05,0.05,0.05,Matches
73,Jay Bird,eng ENG,FW,Exeter City,23,2001,14,2,259,2.9,0,0,0,0,0,0,1,0,0,0,0,0,0,Matches
74,Nathan Bishop,eng ENG,GK,Cambridge United,24,1999,14,13,"1,209",13.4,0,0,0,0,0,0,2,0,0,0,0,0,0,Matches
75,Nathan Bishop,eng ENG,GK,Wycombe Wanderers,24,1999,2,2,180,2,0,0,0,0,0,0,0,0,0,0,0,0,0,Matches
Rk,Player,Nation,Pos,Squad,Age,Born,MP,Starts,Min,90s,Gls,Ast,G+A,G-PK,PK,PKatt,CrdY,CrdR,Gls,Ast,G+A,G-PK,G+A-PK,Matches
76,Jamal Blackman,eng ENG,GK,Shrewsbury Town,30,1993,27,27,"2,430",27,0,0,0,0,0,0,1,0,0,0,0,0,0,Matches
77,Will Blackmore,eng ENG,GK,Peterborough United,21,2003,3,3,270,3,0,0,0,0,0,0,0,0,0,0,0,0,0,Matches
78,Frazer Blake-Tracy,eng ENG,"MF,DF",Mansfield Town,28,1995,18,14,"1,220",13.6,0,1,1,0,0,0,3,0,0,0.07,0.07,0,0.07,Matches
79,Jonathan Bland,wls WAL,"MF,DF",Barnsley,18,2005,9,6,650,7.2,0,1,1,0,0,0,3,0,0,0.14,0.14,0,0.14,Matches
80,Tom Bloxham,eng ENG,FW,Blackpool,21,2003,14,5,662,7.4,2,3,5,2,0,0,0,0,0.27,0.41,0.68,0.27,0.68,Matches
81,Tom Bloxham,eng ENG,"MF,FW",Shrewsbury Town,21,2003,22,14,"1,277",14.2,4,1,5,4,0,0,0,0,0.28,0.07,0.35,0.28,0.35,Matches
82,Hiram Boateng,eng ENG,MF,Mansfield Town,28,1996,41,19,"1,998",22.2,2,3,5,2,0,0,8,1,0.09,0.14,0.23,0.09,0.23,Matches
83,Billy Bodin,wls WAL,"MF,FW",Burton Albion,32,1992,12,7,608,6.8,4,0,4,4,0,0,1,0,0.59,0,0.59,0.59,0.59,Matches
84,Billy Bodin,wls WAL,FW,Reading,32,1992,16,3,353,3.9,2,1,3,2,0,0,0,0,0.51,0.25,0.76,0.51,0.76,Matches
85,Terry Bondo,eng ENG,FW,Blackpool,17,2007,3,0,58,0.6,0,0,0,0,0,0,0,0,0,0,0,0,0,Matches
86,Pedro Borges,pt POR,MF,Exeter City,19,2005,1,0,11,0.1,0,0,0,0,0,0,1,0,0,0,0,0,0,Matches
87,Jordan Bowery,kn SKN,"DF,MF",Mansfield Town,33,1991,44,29,"2,991",33.2,1,1,2,1,0,0,2,0,0.03,0.03,0.06,0.03,0.06,Matches
88,Coniah Boyce-Clarke,jm JAM,GK,Reading,21,2003,1,1,90,1,0,0,0,0,0,0,0,0,0,0,0,0,0,Matches
89,Sonny Bradley,eng ENG,DF,Wycombe Wanderers,32,1991,17,16,"1,458",16.2,1,0,1,1,0,0,2,1,0.06,0,0.06,0.06,0.06,Matches
90,Cameron Bragg,eng ENG,MF,Crawley Town,19,2005,6,2,220,2.4,0,0,0,0,0,0,0,0,0,0,0,0,0,Matches
91,Cohen Bramall,eng ENG,"MF,DF",Rotherham United,28,1996,16,5,802,8.9,0,0,0,0,0,0,1,0,0,0,0,0,0,Matches
92,Alejandro Bran,cr CRC,MF,Burton Albion,23,2001,1,0,6,0.1,0,0,0,0,0,0,0,0,0,0,0,0,0,Matches
93,James Brophy,eng ENG,MF,Cambridge United,30,1994,46,43,"3,594",39.9,3,6,9,3,0,0,5,0,0.08,0.15,0.23,0.08,0.23,Matches
94,Patrick Brough,eng ENG,DF,Northampton Town,28,1996,5,1,99,1.1,0,0,0,0,0,0,1,0,0,0,0,0,0,Matches
95,Jordan Brown,eng ENG,MF,Leyton Orient,23,2001,44,38,"3,369",37.4,2,1,3,2,0,0,6,0,0.05,0.03,0.08,0.05,0.08,Matches
96,Lewis Brunt,eng ENG,DF,Wrexham,23,2000,22,21,"1,896",21.1,0,0,0,0,0,0,2,0,0,0,0,0,0,Matches
97,Lee Buchanan,eng ENG,"DF,MF",Birmingham City,23,2001,3,3,136,1.5,1,0,1,1,0,0,0,0,0.66,0,0.66,0.66,0.66,Matches
98,Lee Burge,eng ENG,GK,Northampton Town,31,1993,30,30,"2,674",29.7,0,0,0,0,0,0,1,0,0,0,0,0,0,Matches
99,Rumarn Burrell,jm JAM,FW,Burton Albion,23,2000,30,26,"2,139",23.8,11,2,13,11,0,0,0,0,0.46,0.08,0.55,0.46,0.55,Matches
100,Callum Burton,eng ENG,GK,Wrexham,27,1996,4,4,292,3.2,0,0,0,0,0,0,0,0,0,0,0,0,0,Matches
Rk,Player,Nation,Pos,Squad,Age,Born,MP,Starts,Min,90s,Gls,Ast,G+A,G-PK,PK,PKatt,CrdY,CrdR,Gls,Ast,G+A,G-PK,G+A-PK,Matches
101,Matt Butcher,eng ENG,MF,Wycombe Wanderers,27,1997,13,3,263,2.9,0,0,0,0,0,0,0,0,0,0,0,0,0,Matches
102,Matt Butcher,eng ENG,MF,Bristol Rovers,27,1997,18,17,"1,466",16.3,0,3,3,0,0,0,3,0,0,0.18,0.18,0,0.18,Matches
103,Dan Butler,eng ENG,DF,Stevenage,29,1994,32,28,"2,510",27.9,0,0,0,0,0,0,7,0,0,0,0,0,0,Matches
104,David Button,eng ENG,GK,Reading,35,1989,5,5,450,5,0,0,0,0,0,0,0,0,0,0,0,0,0,Matches
105,Bailey-Tye Cadamarteri,jm JAM,FW,Lincoln City,19,2005,23,13,"1,122",12.5,5,0,5,5,0,0,1,0,0.4,0,0.4,0.4,0.4,Matches
106,Mamadi Camará,gw GNB,FW,Reading,20,2003,33,19,"1,623",18,3,2,5,3,0,0,3,0,0.17,0.11,0.28,0.17,0.28,Matches
107,Panutche Camará,gw GNB,MF,Crawley Town,27,1997,42,28,"2,558",28.4,4,4,8,4,0,0,7,0,0.14,0.14,0.28,0.14,0.28,Matches
108,Allan Campbell,sct SCO,MF,Charlton Athletic,26,1998,12,6,552,6.1,0,1,1,0,0,0,1,0,0,0.16,0.16,0,0.16,Matches
109,Chem Campbell,wls WAL,FW,Reading,21,2002,39,36,"3,038",33.8,5,2,7,5,0,0,3,0,0.15,0.06,0.21,0.15,0.21,Matches
110,Tyreece Campbell,jm JAM,"MF,FW",Charlton Athletic,20,2003,44,37,"3,267",36.3,7,1,8,7,0,0,5,0,0.19,0.03,0.22,0.19,0.22,Matches
111,Callum Camps,nir NIR,MF,Stockport,28,1995,27,19,"1,742",19.4,1,2,3,1,0,0,6,0,0.05,0.1,0.15,0.05,0.15,Matches
112,Andy Cannon,eng ENG,MF,Wrexham,28,1996,24,17,"1,357",15.1,2,0,2,2,0,0,5,0,0.13,0,0.13,0.13,0.13,Matches
113,Mustapha Carayol,gm GAM,MF,Exeter City,35,1988,6,1,106,1.2,0,0,0,0,0,0,0,0,0,0,0,0,0,Matches
114,Sonny Carey,eng ENG,MF,Blackpool,23,2001,33,23,"2,095",23.3,8,0,8,7,1,1,3,0,0.34,0,0.34,0.3,0.3,Matches
115,Baily Cargill,eng ENG,DF,Mansfield Town,29,1995,34,34,"2,679",29.8,1,1,2,1,0,0,13,0,0.03,0.03,0.07,0.03,0.07,Matches
116,James Carragher,mt MLT,DF,Wigan Athletic,21,2002,33,26,"2,273",25.3,2,1,3,2,0,0,6,0,0.08,0.04,0.12,0.08,0.12,Matches
117,Tom Carroll,eng ENG,MF,Reading,32,1992,9,0,74,0.8,0,0,0,0,0,0,1,0,0,0,0,0,0,Matches
118,Oliver Casey,eng ENG,DF,Blackpool,23,2000,43,43,"3,814",42.4,3,1,4,3,0,0,6,0,0.07,0.02,0.09,0.07,0.09,Matches
119,Leo Castledine,eng ENG,MF,Shrewsbury Town,18,2005,23,18,"1,444",16,2,0,2,2,0,0,4,0,0.12,0,0.12,0.12,0.12,Matches
120,Joel Castro Pereira,pt POR,GK,Reading,28,1996,40,40,"3,600",40,0,0,0,0,0,0,2,0,0,0,0,0,0,Matches
121,Luke Chambers,eng ENG,DF,Wigan Athletic,20,2004,12,12,986,11,1,1,2,1,0,0,0,0,0.09,0.09,0.18,0.09,0.18,Matches
122,Andre Changunda,,FW,Peterborough United,,,1,0,24,0.3,0,0,0,0,0,0,0,0,0,0,0,0,0,Matches
123,Jacob Chapman,au AUS,GK,Huddersfield Town,23,2000,23,23,"2,070",23,0,0,0,0,0,0,1,0,0,0,0,0,0,Matches
124,Dion Charles,nir NIR,FW,Bolton Wanderers,28,1995,24,15,"1,278",14.2,7,3,10,5,2,3,1,0,0.49,0.21,0.7,0.35,0.56,Matches
125,Dion Charles,nir NIR,FW,Huddersfield Town,28,1995,18,13,"1,135",12.6,0,2,2,0,0,0,2,0,0,0.16,0.16,0,0.16,Matches
Rk,Player,Nation,Pos,Squad,Age,Born,MP,Starts,Min,90s,Gls,Ast,G+A,G-PK,PK,PKatt,CrdY,CrdR,Gls,Ast,G+A,G-PK,G+A-PK,Matches
126,Kgagelo Chauke,eng ENG,MF,Burton Albion,21,2003,38,32,"2,829",31.4,1,0,1,1,0,0,3,0,0.03,0,0.03,0.03,0.03,Matches
127,Tawanda Chirewa,zw ZIM,MF,Huddersfield Town,20,2003,13,8,575,6.4,0,0,0,0,0,0,0,0,0,0,0,0,0,Matches
128,Samy Chouchane,tn TUN,MF,Northampton Town,20,2003,22,17,"1,357",15.1,0,2,2,0,0,0,3,0,0,0.13,0.13,0,0.13,Matches
129,Sean Clare,eng ENG,"MF,DF",Leyton Orient,27,1996,29,19,"1,719",19.1,3,2,5,3,0,0,2,0,0.16,0.1,0.26,0.16,0.26,Matches
130,Jonson Clarke-Harris,jm JAM,FW,Rotherham United,30,1994,29,19,"1,722",19.1,7,1,8,4,3,3,2,0,0.37,0.05,0.42,0.21,0.26,Matches
131,Max Cleworth,wls WAL,DF,Wrexham,21,2002,42,42,"3,777",42,7,2,9,7,0,0,3,0,0.17,0.05,0.21,0.17,0.21,Matches
132,Sam Clucas,eng ENG,MF,Lincoln City,33,1990,8,2,233,2.6,1,0,1,1,0,0,1,0,0.39,0,0.39,0.39,0.39,Matches
133,Alex Cochrane,eng ENG,DF,Birmingham City,24,2000,42,41,"3,598",40,1,2,3,1,0,0,5,0,0.03,0.05,0.08,0.03,0.08,Matches
134,Josh Cogley,eng ENG,"MF,DF",Bolton Wanderers,28,1996,42,37,"3,056",34,1,7,8,1,0,0,7,1,0.03,0.21,0.24,0.03,0.24,Matches
135,Reece Cole,eng ENG,MF,Exeter City,26,1998,22,8,957,10.6,3,1,4,3,0,0,4,0,0.28,0.09,0.38,0.28,0.38,Matches
136,Will Collar,eng ENG,MF,Stockport,27,1997,40,36,"3,140",34.9,8,2,10,7,1,1,3,0,0.23,0.06,0.29,0.2,0.26,Matches
137,Aaron Collins,wls WAL,"FW,MF",Bolton Wanderers,27,1997,45,36,"3,215",35.7,12,4,16,12,0,0,4,0,0.34,0.11,0.45,0.34,0.45,Matches
138,Archie Collins,eng ENG,MF,Peterborough United,24,1999,40,40,"3,284",36.5,1,2,3,1,0,1,7,0,0.03,0.05,0.08,0.03,0.08,Matches
139,James Collins,ie IRL,FW,Lincoln City,33,1990,20,14,"1,296",14.4,10,0,10,9,1,2,2,0,0.69,0,0.69,0.62,0.62,Matches
140,Joel Colwill,wls WAL,"MF,FW",Exeter City,19,2004,18,9,988,11,0,0,0,0,0,0,2,0,0,0,0,0,0,Matches
141,Chris Conn-Clarke,nir NIR,MF,Peterborough United,22,2001,23,12,"1,095",12.2,1,3,4,1,0,0,1,0,0.08,0.25,0.33,0.08,0.33,Matches
142,Luca Connell,ie IRL,MF,Barnsley,23,2001,41,37,"3,189",35.4,2,4,6,2,0,0,13,0,0.06,0.11,0.17,0.06,0.17,Matches
143,Callum Connolly,eng ENG,DF,Stockport,26,1997,38,29,"2,647",29.4,1,2,3,1,0,0,6,1,0.03,0.07,0.1,0.03,0.1,Matches
144,Dion Conroy,eng ENG,DF,Crawley Town,28,1995,21,21,"1,835",20.4,0,1,1,0,0,0,1,0,0,0.05,0.05,0,0.05,Matches
145,Kamil Conteh,sl SLE,MF,Bristol Rovers,21,2002,19,18,"1,607",17.9,0,0,0,0,0,0,6,0,0,0,0,0,0,Matches
146,Brandon Cooper,wls WAL,DF,Leyton Orient,24,2000,30,16,"1,627",18.1,0,0,0,0,0,0,5,0,0,0,0,0,0,Matches
147,Jack Cooper Love,se SWE,"MF,FW",Burton Albion,22,2001,14,6,686,7.6,2,0,2,2,0,0,1,0,0.26,0,0.26,0.26,0.26,Matches
148,Murphy Cooper,eng ENG,GK,Stevenage,22,2001,37,37,"3,330",37,0,0,0,0,0,0,1,0,0,0,0,0,0,Matches
149,Sam Cosgrove,eng ENG,FW,Barnsley,27,1996,19,8,824,9.2,1,2,3,1,0,0,3,0,0.11,0.22,0.33,0.11,0.33,Matches
150,Sam Cosgrove,eng ENG,FW,Stockport,27,1996,7,1,121,1.3,0,0,0,0,0,0,0,0,0,0,0,0,0,Matches
Rk,Player,Nation,Pos,Squad,Age,Born,MP,Starts,Min,90s,Gls,Ast,G+A,G-PK,PK,PKatt,CrdY,CrdR,Gls,Ast,G+A,G-PK,G+A-PK,Matches
151,Dara Costelloe,ie IRL,FW,Northampton Town,21,2002,15,14,"1,250",13.9,6,0,6,5,1,1,2,0,0.43,0,0.43,0.36,0.36,Matches
152,Barry Cotter,ie IRL,MF,Barnsley,25,1998,21,14,"1,241",13.8,0,3,3,0,0,0,1,0,0,0.22,0.22,0,0.22,Matches
153,Hayden Coulson,eng ENG,"DF,MF",Blackpool,26,1998,35,26,"2,303",25.6,0,0,0,0,0,0,4,0,0,0,0,0,0,Matches
154,Jordan Cousins,eng ENG,MF,Cambridge United,30,1994,28,23,"2,097",23.3,1,2,3,1,0,0,1,0,0.04,0.09,0.13,0.04,0.13,Matches
155,Conor Coventry,ie IRL,MF,Charlton Athletic,24,2000,44,44,"3,810",42.3,1,2,3,1,0,0,11,0,0.02,0.05,0.07,0.02,0.07,Matches
156,Matthew Cox,eng ENG,GK,Crawley Town,21,2003,3,3,270,3,0,0,0,0,0,0,0,0,0,0,0,0,0,Matches
157,Sonny Cox,eng ENG,FW,Exeter City,19,2004,23,7,774,8.6,1,0,1,1,0,0,0,0,0.12,0,0.12,0.12,0.12,Matches
158,Matthew Craig,sct SCO,MF,Mansfield Town,21,2003,5,4,276,3.1,1,0,1,1,0,0,0,0,0.33,0,0.33,0.33,0.33,Matches
159,Matthew Craig,sct SCO,MF,Barnsley,21,2003,14,10,793,8.8,0,0,0,0,0,0,0,0,0,0,0,0,0,Matches
160,Michael Craig,sct SCO,DF,Reading,21,2003,30,29,"2,564",28.5,2,0,2,2,0,0,3,0,0.07,0,0.07,0.07,0.07,Matches
161,Tristan Crama,fr FRA,DF,Exeter City,22,2001,22,22,"1,915",21.3,3,0,3,3,0,0,4,0,0.14,0,0.14,0.14,0.14,Matches
162,Max Crocombe,nz NZL,GK,Burton Albion,30,1993,43,43,"3,870",43,0,0,0,0,0,0,6,0,0,0,0,0,0,Matches
163,Jack Currie,eng ENG,DF,Leyton Orient,21,2002,36,34,"2,998",33.3,0,2,2,0,0,0,3,1,0,0.06,0.06,0,0.06,Matches
164,Sam Curtis,ie IRL,"DF,MF",Peterborough United,18,2005,17,10,909,10.1,0,0,0,0,0,0,5,0,0,0,0,0,0,Matches
165,James Dadge,eng ENG,GK,Northampton Town,19,2004,1,0,7,0.1,0,0,0,0,0,0,0,0,0,0,0,0,0,Matches
166,Sam Dalby,eng ENG,FW,Wrexham,24,2000,1,0,15,0.2,0,0,0,0,0,0,0,0,0,0,0,0,0,Matches
167,Owen Dale,eng ENG,MF,Wigan Athletic,25,1998,17,15,"1,285",14.3,1,1,2,1,0,0,3,0,0.07,0.07,0.14,0.07,0.14,Matches
168,Ronan Darcy,eng ENG,"MF,FW",Crawley Town,23,2000,21,19,"1,655",18.4,1,5,6,1,0,0,4,0,0.05,0.27,0.33,0.05,0.33,Matches
169,Ronan Darcy,eng ENG,"MF,FW",Wigan Athletic,23,2000,13,8,724,8,1,1,2,1,0,0,1,0,0.12,0.12,0.25,0.12,0.25,Matches
170,Tendayi Darikwa,zw ZIM,"MF,DF",Lincoln City,32,1991,44,44,"3,819",42.4,5,4,9,5,0,0,8,0,0.12,0.09,0.21,0.12,0.21,Matches
171,Ben Davies,eng ENG,DF,Birmingham City,28,1995,35,32,"2,961",32.9,1,1,2,1,0,0,3,0,0.03,0.03,0.06,0.03,0.06,Matches
172,Cameron Dawson,eng ENG,GK,Rotherham United,29,1995,14,14,"1,251",13.9,0,0,0,0,0,0,1,0,0,0,0,0,0,Matches
173,Jón Daði Böðvarsson,is ISL,FW,Burton Albion,32,1992,13,11,820,9.1,5,1,6,5,0,0,0,0,0.55,0.11,0.66,0.55,0.66,Matches
174,Jón Daði Böðvarsson,is ISL,FW,Wrexham,32,1992,4,1,91,1,0,0,0,0,0,0,0,0,0,0,0,0,0,Matches
175,Ryan De Havilland,eng ENG,MF,Peterborough United,23,2001,27,15,"1,482",16.5,2,0,2,2,0,0,4,0,0.12,0,0.12,0.12,0.12,Matches
Rk,Player,Nation,Pos,Squad,Age,Born,MP,Starts,Min,90s,Gls,Ast,G+A,G-PK,PK,PKatt,CrdY,CrdR,Gls,Ast,G+A,G-PK,G+A-PK,Matches
176,Harlee Dean,eng ENG,DF,Reading,33,1991,19,7,737,8.2,0,1,1,0,0,0,2,0,0,0.12,0.12,0,0.12,Matches
177,Tom Dean,eng ENG,MF,Exeter City,18,2005,3,2,141,1.6,0,0,0,0,0,0,0,0,0,0,0,0,0,Matches
178,Finn Delap,eng ENG,DF,Burton Albion,19,2005,5,3,265,2.9,0,1,1,0,0,0,1,0,0,0.34,0.34,0,0.34,Matches
179,Siriki Dembélé,ci CIV,MF,Birmingham City,27,1996,1,1,45,0.5,0,0,0,0,0,0,0,0,0,0,0,0,0,Matches
180,Kyle Dempsey,eng ENG,MF,Bolton Wanderers,28,1995,15,8,737,8.2,3,2,5,3,0,0,2,0,0.37,0.24,0.61,0.37,0.61,Matches
181,Ollie Dewsbury,wls WAL,FW,Bristol Rovers,16,2008,6,1,155,1.7,0,0,0,0,0,0,0,0,0,0,0,0,0,Matches
182,Cheick Diabate,eng ENG,"MF,DF",Exeter City,22,2002,4,2,231,2.6,0,0,0,0,0,0,1,0,0,0,0,0,0,Matches
183,Jack Diamond,eng ENG,MF,Stockport,24,2000,33,16,"1,629",18.1,5,2,7,5,0,0,3,0,0.28,0.11,0.39,0.28,0.39,Matches
184,Matt Dibley-Dias,nz NZL,MF,Northampton Town,20,2004,2,1,62,0.7,0,0,0,0,0,0,0,0,0,0,0,0,0,Matches
185,Paul Digby,eng ENG,MF,Cambridge United,29,1995,31,27,"2,406",26.7,1,0,1,1,0,0,8,0,0.04,0,0.04,0.04,0.04,Matches
186,Ricardo Dinanga,ie IRL,FW,Shrewsbury Town,22,2001,1,0,8,0.1,0,0,0,0,0,0,0,0,0,0,0,0,0,Matches
187,Kaheim Dixon,jm JAM,FW,Charlton Athletic,19,2004,3,0,58,0.6,0,0,0,0,0,0,0,0,0,0,0,0,0,Matches
188,George Dobson,eng ENG,MF,Wrexham,26,1997,42,38,"3,250",36.1,1,5,6,1,0,0,10,0,0.03,0.14,0.17,0.03,0.17,Matches
189,Neo Dobson,,FW,Northampton Town,,,4,0,69,0.8,0,0,0,0,0,0,1,0,0,0,0,0,0,Matches
190,Greg Docherty,sct SCO,MF,Charlton Athletic,27,1996,40,37,"3,160",35.1,4,2,6,4,0,0,6,1,0.11,0.06,0.17,0.11,0.17,Matches
191,Owen Dodgson,eng ENG,"MF,DF",Burton Albion,21,2003,22,21,"1,872",20.8,1,4,5,1,0,0,10,0,0.05,0.19,0.24,0.05,0.24,Matches
192,Jamie Donley,nir NIR,MF,Leyton Orient,19,2005,39,31,"2,757",30.6,8,10,18,8,0,0,3,0,0.26,0.33,0.59,0.26,0.59,Matches
193,Romelle Donovan,eng ENG,MF,Burton Albion,17,2006,6,1,180,2,0,0,0,0,0,0,0,0,0,0,0,0,0,Matches
194,James Dornelly,eng ENG,DF,Peterborough United,19,2005,27,19,"1,675",18.6,1,0,1,1,0,0,6,0,0.05,0,0.05,0.05,0.05,Matches
195,Jeriel Dorsett,ms MSR,DF,Reading,22,2002,14,11,816,9.1,0,0,0,0,0,0,0,0,0,0,0,0,0,Matches
196,Hamish Douglas,eng ENG,MF,Rotherham United,19,2005,2,0,31,0.3,0,0,0,0,0,0,1,0,0,0,0,0,0,Matches
197,Kieran Dowell,eng ENG,MF,Birmingham City,26,1997,19,17,"1,459",16.2,5,4,9,3,2,2,2,0,0.31,0.25,0.56,0.19,0.43,Matches
198,Kamari Doyle,eng ENG,"MF,FW",Exeter City,18,2005,20,10,823,9.1,3,0,3,3,0,0,1,0,0.33,0,0.33,0.33,0.33,Matches
199,Kamari Doyle,eng ENG,"FW,MF",Crawley Town,18,2005,21,15,"1,305",14.5,7,4,11,7,0,0,0,0,0.48,0.28,0.76,0.48,0.76,Matches
200,Freddie Draper,eng ENG,FW,Lincoln City,20,2004,38,10,"1,277",14.2,4,0,4,3,1,1,3,0,0.28,0,0.28,0.21,0.21,Matches
Rk,Player,Nation,Pos,Squad,Age,Born,MP,Starts,Min,90s,Gls,Ast,G+A,G-PK,PK,PKatt,CrdY,CrdR,Gls,Ast,G+A,G-PK,G+A-PK,Matches
201,Dylan Duffy,ie IRL,MF,Lincoln City,21,2002,8,3,301,3.3,0,0,0,0,0,0,2,0,0,0,0,0,0,Matches
202,Paul Dummett,wls WAL,DF,Wigan Athletic,32,1991,3,0,38,0.4,0,0,0,0,0,0,0,0,0,0,0,0,0,Matches
203,Dom Dwyer,us USA,FW,Mansfield Town,34,1990,9,5,439,4.9,4,1,5,4,0,0,0,0,0.82,0.21,1.03,0.82,1.03,Matches
204,Max Dyche,eng ENG,DF,Northampton Town,21,2003,20,13,"1,331",14.8,0,1,1,0,0,0,3,0,0,0.07,0.07,0,0.07,Matches
205,Josiah Dyer,ms MSR,FW,Barnsley,19,2004,1,0,4,0,0,0,0,0,0,0,0,0,0,0,0,0,0,Matches
206,Lyndon Dykes,sct SCO,"FW,MF",Birmingham City,28,1995,25,9,941,10.5,1,0,1,1,0,0,2,0,0.1,0,0.1,0.1,0.1,Matches
207,Josh Earl,eng ENG,DF,Barnsley,25,1998,34,34,"2,925",32.5,2,4,6,2,0,0,7,0,0.06,0.12,0.18,0.06,0.18,Matches
208,Tom Eaves,eng ENG,FW,Northampton Town,32,1992,23,14,"1,364",15.2,5,2,7,5,0,0,4,1,0.33,0.13,0.46,0.33,0.46,Matches
209,Neo Eccleston,eng ENG,DF,Huddersfield Town,20,2003,3,2,195,2.2,0,0,0,0,0,0,0,0,0,0,0,0,0,Matches
210,Rarmani Edmonds-Green,eng ENG,DF,Leyton Orient,25,1999,17,16,"1,469",16.3,0,2,2,0,0,0,1,0,0,0.12,0.12,0,0.12,Matches
211,Rarmani Edmonds-Green,eng ENG,DF,Charlton Athletic,25,1999,11,5,557,6.2,1,0,1,1,0,0,3,0,0.16,0,0.16,0.16,0.16,Matches
212,Tayo Edun,eng ENG,DF,Peterborough United,26,1998,17,17,"1,465",16.3,2,2,4,2,0,0,5,2,0.12,0.12,0.25,0.12,0.25,Matches
213,Joshua Edwards,eng ENG,"DF,MF",Charlton Athletic,24,2000,38,38,"3,132",34.8,1,5,6,1,0,0,5,0,0.03,0.14,0.17,0.03,0.17,Matches
214,Kyle Edwards,eng ENG,MF,Stevenage,26,1998,8,5,340,3.8,0,0,0,0,0,0,0,0,0,0,0,0,0,Matches
215,Kelvin Ehibhatiomhan,eng ENG,FW,Reading,21,2003,33,27,"2,236",24.8,4,3,7,4,0,0,6,1,0.16,0.12,0.28,0.16,0.28,Matches
216,Ben Elliott,cm CMR,MF,Reading,21,2002,19,17,"1,476",16.4,2,5,7,2,0,0,4,0,0.12,0.3,0.43,0.12,0.43,Matches
217,Elliot Embleton,eng ENG,MF,Blackpool,25,1999,15,4,481,5.3,0,1,1,0,0,0,0,0,0,0.19,0.19,0,0.19,Matches
218,Isaac England,,DF,Shrewsbury Town,,,2,0,14,0.2,0,0,0,0,0,0,1,0,0,0,0,0,0,Matches
219,Niall Ennis,eng ENG,FW,Blackpool,25,1999,19,17,"1,417",15.7,7,2,9,7,0,0,0,0,0.44,0.13,0.57,0.44,0.57,Matches
220,Kai Enslin,jp JPN,MF,Charlton Athletic,18,2005,1,0,3,0,0,0,0,0,0,0,0,0,0,0,0,0,0,Matches
221,Ethan Erhahon,sct SCO,MF,Lincoln City,23,2001,31,28,"2,401",26.7,0,1,1,0,0,0,8,1,0,0.04,0.04,0,0.04,Matches
222,Kion Etete,eng ENG,FW,Bolton Wanderers,22,2001,5,0,78,0.9,0,0,0,0,0,0,0,0,0,0,0,0,0,Matches
223,Antony Evans,eng ENG,MF,Huddersfield Town,25,1998,34,21,"1,952",21.7,2,5,7,2,0,0,7,0,0.09,0.23,0.32,0.09,0.32,Matches
224,George Evans,eng ENG,MF,Wrexham,29,1994,7,1,135,1.5,0,0,0,0,0,0,0,0,0,0,0,0,0,Matches
225,Lee Evans,wls WAL,MF,Blackpool,30,1994,42,40,"3,520",39.1,4,5,9,1,3,3,11,0,0.1,0.13,0.23,0.03,0.15,Matches
Rk,Player,Nation,Pos,Squad,Age,Born,MP,Starts,Min,90s,Gls,Ast,G+A,G-PK,PK,PKatt,CrdY,CrdR,Gls,Ast,G+A,G-PK,G+A-PK,Matches
226,Will Evans,wls WAL,FW,Mansfield Town,27,1997,40,35,"3,039",33.8,13,3,16,13,0,0,5,0,0.38,0.09,0.47,0.38,0.47,Matches
227,Timothy Eyoma,eng ENG,DF,Northampton Town,24,2000,24,17,"1,630",18.1,0,0,0,0,0,0,3,0,0,0,0,0,0,Matches
228,Mo Faal,eng ENG,FW,Wrexham,21,2003,8,0,70,0.8,0,0,0,0,0,0,0,0,0,0,0,0,0,Matches
229,Conor Falls,nir NIR,MF,Huddersfield Town,20,2004,1,0,1,0,0,0,0,0,0,0,0,0,0,0,0,0,0,Matches
230,Neil Farrugia,ie IRL,MF,Barnsley,25,1999,9,6,499,5.5,0,0,0,0,0,0,1,0,0,0,0,0,0,Matches
231,Rory Feely,ie IRL,DF,Crawley Town,27,1997,7,2,186,2.1,0,0,0,0,0,0,2,1,0,0,0,0,0,Matches
232,Josh Feeney,eng ENG,DF,Shrewsbury Town,19,2005,37,35,"3,134",34.8,1,2,3,1,0,0,5,1,0.03,0.06,0.09,0.03,0.09,Matches
233,Morgan Feeney,eng ENG,DF,Shrewsbury Town,25,1999,36,34,"2,962",32.9,1,1,2,1,0,0,4,0,0.03,0.03,0.06,0.03,0.06,Matches
234,Emmanuel Fernandez,eng ENG,DF,Peterborough United,22,2001,30,27,"2,377",26.4,5,0,5,5,0,0,9,2,0.19,0,0.19,0.19,0.19,Matches
235,Jayden Fevrier,eng ENG,MF,Stockport,21,2003,25,11,"1,042",11.6,3,3,6,3,0,0,1,0,0.26,0.26,0.52,0.26,0.52,Matches
236,Ryan Finnigan,eng ENG,MF,Blackpool,20,2003,8,2,207,2.3,1,0,1,1,0,0,0,0,0.43,0,0.43,0.43,0.43,Matches
237,Lewis Fiorini,sct SCO,MF,Stockport,22,2002,11,4,307,3.4,0,0,0,0,0,0,2,0,0,0,0,0,0,Matches
238,Sonny Fish,eng ENG,FW,Crawley Town,20,2004,1,0,19,0.2,0,0,0,0,0,0,0,0,0,0,0,0,0,Matches
239,Jack Fitzwater,eng ENG,DF,Exeter City,26,1997,16,13,"1,103",12.3,1,0,1,1,0,0,1,0,0.08,0,0.08,0.08,0.08,Matches
240,Kieran Flavell,eng ENG,GK,Barnsley,20,2003,7,6,617,6.9,0,1,1,0,0,0,0,0,0,0.15,0.15,0,0.15,Matches
241,Ashley Fletcher,eng ENG,FW,Blackpool,28,1995,41,32,"2,476",27.5,11,8,19,11,0,0,0,1,0.4,0.29,0.69,0.4,0.69,Matches
242,Steven Fletcher,sct SCO,FW,Wrexham,37,1987,40,2,"1,083",12,8,1,9,6,2,2,6,0,0.66,0.08,0.75,0.5,0.58,Matches
243,Scott Flinders,eng ENG,GK,Mansfield Town,38,1986,8,7,690,7.7,0,0,0,0,0,0,0,0,0,0,0,0,0,Matches
244,Aden Flint,eng ENG,DF,Mansfield Town,35,1989,36,14,"1,500",16.7,1,0,1,1,0,0,3,0,0.06,0,0.06,0.06,0.06,Matches
245,Josh Flint,eng ENG,DF,Crawley Town,23,2000,16,15,"1,303",14.5,0,1,1,0,0,0,5,1,0,0.07,0.07,0,0.07,Matches
246,Michael Forbes,nir NIR,DF,Bristol Rovers,20,2004,7,2,162,1.8,0,0,0,0,0,0,1,0,0,0,0,0,0,Matches
247,Anthony Forde,ie IRL,MF,Burton Albion,30,1993,11,4,334,3.7,0,0,0,0,0,0,0,0,0,0,0,0,0,Matches
248,Shaqai Forde,eng ENG,"MF,FW",Bristol Rovers,20,2004,31,14,"1,487",16.5,2,3,5,2,0,0,5,2,0.12,0.18,0.3,0.12,0.3,Matches
249,William Forrester,eng ENG,DF,Bolton Wanderers,23,2001,23,18,"1,713",19,0,0,0,0,0,0,3,0,0,0,0,0,0,Matches
250,Harry Forster,eng ENG,"MF,DF",Crawley Town,24,2000,25,16,"1,457",16.2,2,2,4,2,0,0,3,0,0.12,0.12,0.25,0.12,0.25,Matches
Rk,Player,Nation,Pos,Squad,Age,Born,MP,Starts,Min,90s,Gls,Ast,G+A,G-PK,PK,PKatt,CrdY,CrdR,Gls,Ast,G+A,G-PK,G+A-PK,Matches
251,Jake Forster-Caskey,eng ENG,MF,Stevenage,30,1994,3,1,45,0.5,0,1,1,0,0,0,0,0,0,2,2,0,2,Matches
252,Tariqe Fosu,gh GHA,"MF,FW",Northampton Town,28,1995,34,17,"1,631",18.1,4,2,6,4,0,1,3,0,0.22,0.11,0.33,0.22,0.33,Matches
253,Ben Fox,eng ENG,MF,Northampton Town,26,1998,13,10,818,9.1,0,0,0,0,0,0,3,0,0,0,0,0,0,Matches
254,Ed Francis,eng ENG,"MF,DF",Exeter City,24,1999,42,34,"3,019",33.5,2,6,8,2,0,0,5,1,0.06,0.18,0.24,0.06,0.24,Matches
255,Tyrese Francois,au AUS,MF,Wigan Athletic,24,2000,5,4,309,3.4,0,1,1,0,0,0,1,0,0,0.29,0.29,0,0.29,Matches
256,Liam Fraser,ca CAN,MF,Crawley Town,26,1998,16,15,"1,328",14.8,0,2,2,0,0,0,4,0,0,0.14,0.14,0,0.14,Matches
257,Nick Freeman,eng ENG,"DF,MF",Stevenage,28,1995,29,13,"1,307",14.5,0,2,2,0,0,0,1,0,0,0.14,0.14,0,0.14,Matches
258,Lewis Freestone,eng ENG,DF,Stevenage,24,1999,26,20,"2,034",22.6,0,1,1,0,0,0,8,0,0,0.04,0.04,0,0.04,Matches
259,Ibrahim Fullah,eng ENG,MF,Charlton Athletic,17,2007,1,0,6,0.1,0,0,0,0,0,0,0,0,0,0,0,0,0,Matches
260,Jordan Gabriel,eng ENG,DF,Blackpool,25,1998,30,13,"1,382",15.4,0,3,3,0,0,0,2,0,0,0.2,0.2,0,0.2,Matches
261,Ethan Galbraith,nir NIR,"MF,DF",Leyton Orient,23,2001,39,37,"3,333",37,6,6,12,6,0,0,7,0,0.16,0.16,0.32,0.16,0.32,Matches
262,Dominic Gape,eng ENG,MF,Shrewsbury Town,29,1994,16,14,"1,144",12.7,0,0,0,0,0,0,4,0,0,0,0,0,0,Matches
263,Andre Garcia,,"DF,FW",Reading,,,38,29,"2,411",26.8,0,1,1,0,0,0,5,0,0,0.04,0.04,0,0.04,Matches
264,Che Gardner,,MF,Stockport,,,1,0,1,0,0,0,0,0,0,0,0,0,0,0,0,0,0,Matches
265,Joe Gardner,eng ENG,MF,Lincoln City,19,2005,11,4,362,4,1,0,1,1,0,0,0,1,0.25,0,0.25,0.25,0.25,Matches
266,Taylor Gardner-Hickman,eng ENG,"MF,DF",Birmingham City,22,2001,33,22,"1,892",21,3,2,5,3,0,0,7,0,0.14,0.1,0.24,0.14,0.24,Matches
267,Jake Garrett,eng ENG,MF,Bristol Rovers,21,2003,7,3,309,3.4,0,0,0,0,0,0,1,0,0,0,0,0,0,Matches
268,Joe Gauci,au AUS,GK,Barnsley,24,2000,7,7,614,6.8,0,0,0,0,0,0,0,0,0,0,0,0,0,Matches
269,Georgie Gent,eng ENG,MF,Barnsley,20,2003,25,19,"1,487",16.5,1,0,1,1,0,0,2,0,0.06,0,0.06,0.06,0.06,Matches
270,Maël Durand de Gevigney,fr FRA,DF,Barnsley,24,1999,39,39,"3,417",38,0,0,0,0,0,0,6,2,0,0,0,0,0,Matches
271,James Gibbons,eng ENG,"DF,MF",Cambridge United,26,1998,29,23,"2,012",22.4,1,0,1,1,0,0,6,1,0.04,0,0.04,0.04,0.04,Matches
272,Alexander Gilbert,ie IRL,MF,Charlton Athletic,22,2001,12,2,305,3.4,0,4,4,0,0,0,2,0,0,1.18,1.18,0,1.18,Matches
273,Macaulay Gillesphey,eng ENG,DF,Charlton Athletic,28,1995,44,43,"3,881",43.1,5,3,8,5,0,0,3,0,0.12,0.07,0.19,0.12,0.19,Matches
274,Alex Gilliead,eng ENG,MF,Shrewsbury Town,28,1996,42,37,"3,251",36.1,0,1,1,0,0,0,5,0,0,0.03,0.03,0,0.03,Matches
275,Ciaran Gilligan,eng ENG,MF,Burton Albion,22,2002,12,8,672,7.5,0,1,1,0,0,0,3,0,0,0.13,0.13,0,0.13,Matches
Rk,Player,Nation,Pos,Squad,Age,Born,MP,Starts,Min,90s,Gls,Ast,G+A,G-PK,PK,PKatt,CrdY,CrdR,Gls,Ast,G+A,G-PK,G+A-PK,Matches
276,Brodie Gilmore,nir NIR,"DF,MF",Huddersfield Town,20,2004,33,28,"2,531",28.1,3,2,5,3,0,0,11,0,0.11,0.07,0.18,0.11,0.18,Matches
277,Matthew Godden,eng ENG,FW,Charlton Athletic,33,1991,41,29,"2,510",27.9,18,1,19,15,3,3,1,0,0.65,0.04,0.68,0.54,0.57,Matches
278,Charlie Goode,eng ENG,DF,Stevenage,28,1995,21,17,"1,521",16.9,0,0,0,0,0,0,3,0,0,0,0,0,0,Matches
279,Will Goodwin,eng ENG,FW,Wigan Athletic,22,2002,6,2,187,2.1,0,0,0,0,0,0,1,0,0,0,0,0,0,Matches
280,Daniel Gore,eng ENG,MF,Rotherham United,19,2004,3,1,149,1.7,0,1,1,0,0,0,0,0,0,0.6,0.6,0,0.6,Matches
281,Jordan Graham,eng ENG,"FW,MF",Leyton Orient,29,1995,8,0,172,1.9,0,0,0,0,0,0,0,0,0,0,0,0,0,Matches
282,Kieran Graham,eng ENG,MF,Barnsley,16,2007,1,0,1,0,0,0,0,0,0,0,0,0,0,0,0,0,0,Matches
283,André Green,eng ENG,"MF,FW",Rotherham United,26,1998,13,8,681,7.6,3,4,7,3,0,0,0,0,0.4,0.53,0.93,0.4,0.93,Matches
284,Lee Gregory,eng ENG,FW,Mansfield Town,35,1988,20,17,"1,338",14.9,10,0,10,7,3,4,3,0,0.67,0,0.67,0.47,0.47,Matches
285,Joshua Griffiths,eng ENG,GK,Bristol Rovers,22,2001,28,28,"2,520",28,0,0,0,0,0,0,1,0,0,0,0,0,0,Matches
286,Jack Grimmer,sct SCO,DF,Wycombe Wanderers,30,1994,37,32,"2,706",30.1,0,2,2,0,0,0,5,0,0,0.07,0.07,0,0.07,Matches
287,Daniel Grimshaw,eng ENG,GK,Blackpool,26,1998,2,2,180,2,0,0,0,0,0,0,0,0,0,0,0,0,0,Matches
288,Nesta Guinness-Walker,eng ENG,"DF,MF",Northampton Town,24,1999,27,23,"2,074",23,1,2,3,1,0,0,3,1,0.04,0.09,0.13,0.04,0.13,Matches
289,Jon Guthrie,eng ENG,DF,Northampton Town,32,1992,24,24,"2,109",23.4,1,2,3,1,0,0,4,0,0.04,0.09,0.13,0.04,0.13,Matches
290,Reeco Hackett-Fairchild,lc LCA,MF,Lincoln City,26,1998,33,23,"2,109",23.4,4,3,7,4,0,1,4,0,0.17,0.13,0.3,0.17,0.3,Matches
291,Anders Hagelskjær,dk DEN,DF,Wycombe Wanderers,27,1997,2,0,25,0.3,0,0,0,0,0,0,0,0,0,0,0,0,0,Matches
292,Tom Hamer,eng ENG,DF,Lincoln City,24,1999,23,14,"1,363",15.1,2,1,3,2,0,0,1,0,0.13,0.07,0.2,0.13,0.2,Matches
293,CJ Hamilton,ie IRL,MF,Blackpool,29,1995,34,22,"2,109",23.4,3,5,8,3,0,0,1,0,0.13,0.21,0.34,0.13,0.34,Matches
294,Ethan Hamilton,sct SCO,MF,Lincoln City,25,1998,32,16,"1,549",17.2,0,1,1,0,0,0,3,0,0,0.06,0.06,0,0.06,Matches
295,Micah Hamilton,eng ENG,MF,Stockport,20,2003,5,0,67,0.7,0,0,0,0,0,0,0,0,0,0,0,0,0,Matches
296,Brandon Hanlan,eng ENG,FW,Wycombe Wanderers,27,1997,8,1,158,1.8,0,0,0,0,0,0,0,0,0,0,0,0,0,Matches
297,Brandon Hanlan,eng ENG,FW,Stevenage,27,1997,16,12,"1,036",11.5,2,0,2,2,0,0,0,0,0.17,0,0.17,0.17,0.17,Matches
298,Grant Hanley,sct SCO,DF,Birmingham City,32,1991,14,3,302,3.4,0,0,0,0,0,0,1,0,0,0,0,0,0,Matches
299,Emil Hansson,se SWE,MF,Birmingham City,26,1998,20,12,913,10.1,1,2,3,1,0,0,0,0,0.1,0.2,0.3,0.1,0.3,Matches
300,Dan Happe,eng ENG,DF,Leyton Orient,25,1998,25,24,"2,015",22.4,2,2,4,2,0,0,3,0,0.09,0.09,0.18,0.09,0.18,Matches
Rk,Player,Nation,Pos,Squad,Age,Born,MP,Starts,Min,90s,Gls,Ast,G+A,G-PK,PK,PKatt,CrdY,CrdR,Gls,Ast,G+A,G-PK,G+A-PK,Matches
301,Vincent Harper,ke KEN,"MF,DF",Exeter City,23,2000,22,10,994,11,1,1,2,1,0,0,4,0,0.09,0.09,0.18,0.09,0.18,Matches
302,Kian Harratt,eng ENG,FW,Huddersfield Town,22,2002,2,0,14,0.2,0,0,0,0,0,0,0,0,0,0,0,0,0,Matches
303,Luke Harris,wls WAL,MF,Birmingham City,19,2005,29,10,"1,024",11.4,3,1,4,3,0,0,5,0,0.26,0.09,0.35,0.26,0.35,Matches
304,Alex Hartridge,eng ENG,DF,Exeter City,25,1999,18,18,"1,620",18,1,2,3,1,0,0,2,0,0.06,0.11,0.17,0.06,0.17,Matches
305,Alex Hartridge,eng ENG,DF,Wycombe Wanderers,25,1999,6,5,418,4.6,0,1,1,0,0,0,3,1,0,0.22,0.22,0,0.22,Matches
306,Daniel Harvie,sct SCO,DF,Wycombe Wanderers,26,1998,30,30,"2,566",28.5,1,4,5,1,0,0,5,0,0.04,0.14,0.18,0.04,0.18,Matches
307,Cian Hayes,ie IRL,MF,Peterborough United,21,2003,34,14,"1,572",17.5,3,2,5,3,0,0,1,0,0.17,0.11,0.29,0.17,0.29,Matches
308,Jack Hazlehurst,eng ENG,MF,Burton Albion,24,1999,2,1,114,1.3,0,0,0,0,0,0,0,0,0,0,0,0,0,Matches
309,Jaheim Headley,eng ENG,MF,Huddersfield Town,22,2001,7,3,316,3.5,0,0,0,0,0,0,3,0,0,0,0,0,0,Matches
310,Rhys Healey,wls WAL,FW,Huddersfield Town,29,1994,9,2,290,3.2,1,0,1,1,0,0,0,0,0.31,0,0.31,0.31,0.31,Matches
311,Michał Helik,pl POL,DF,Huddersfield Town,28,1995,17,15,"1,344",14.9,2,0,2,2,0,0,4,0,0.13,0,0.13,0.13,0.13,Matches
312,Zachary Hemming,eng ENG,GK,Leyton Orient,24,2000,10,10,900,10,0,0,0,0,0,0,1,0,0,0,0,0,0,Matches
313,Rushian Hepburn-Murphy,eng ENG,"FW,MF",Crawley Town,25,1998,42,27,"2,548",28.3,10,4,14,9,1,1,1,1,0.35,0.14,0.49,0.32,0.46,Matches
314,Elliott Hewitt,wls WAL,"MF,DF",Mansfield Town,30,1994,34,30,"2,460",27.3,0,4,4,0,0,0,6,0,0,0.15,0.15,0,0.15,Matches
315,Brad Hills,eng ENG,DF,Stockport,20,2004,16,15,"1,335",14.8,1,0,1,1,0,0,5,1,0.07,0,0.07,0.07,0.07,Matches
316,Ben Hinchliffe,eng ENG,GK,Stockport,35,1988,19,18,"1,619",18,0,0,0,0,0,0,1,0,0,0,0,0,0,Matches
317,George Hoddle,,MF,Cambridge United,,,2,0,13,0.1,0,0,0,0,0,0,0,0,0,0,0,0,0,Matches
318,Joseph Hodge,ie IRL,MF,Huddersfield Town,21,2002,27,13,"1,196",13.3,1,0,1,1,0,0,3,0,0.08,0,0.08,0.08,0.08,Matches
319,Jonathan Hogg,eng ENG,MF,Huddersfield Town,35,1988,34,19,"1,833",20.4,1,0,1,1,0,0,8,0,0.05,0,0.05,0.05,0.05,Matches
320,Jack Holmes,eng ENG,"MF,FW",Rotherham United,22,2001,28,3,615,6.8,0,0,0,0,0,0,0,0,0,0,0,0,0,Matches
321,Gavan Holohan,ie IRL,"FW,MF",Crawley Town,32,1991,20,4,484,5.4,1,1,2,1,0,0,1,0,0.19,0.19,0.37,0.19,0.37,Matches
322,Louie Holzman,eng ENG,DF,Reading,20,2003,9,3,301,3.3,0,0,0,0,0,0,1,1,0,0,0,0,0,Matches
323,William Hondermarck,cg CGO,MF,Northampton Town,23,2000,33,12,"1,358",15.1,0,0,0,0,0,0,2,0,0,0,0,0,0,Matches
324,Luca Hoole,wls WAL,"DF,MF",Shrewsbury Town,22,2002,39,36,"3,210",35.7,1,2,3,1,0,0,6,0,0.03,0.06,0.08,0.03,0.08,Matches
325,Fraser Horsfall,eng ENG,DF,Stockport,27,1996,29,26,"2,261",25.1,2,1,3,2,0,0,8,1,0.08,0.04,0.12,0.08,0.12,Matches
Rk,Player,Nation,Pos,Squad,Age,Born,MP,Starts,Min,90s,Gls,Ast,G+A,G-PK,PK,PKatt,CrdY,CrdR,Gls,Ast,G+A,G-PK,G+A-PK,Matches
326,Sam Hoskins,eng ENG,"MF,FW",Northampton Town,31,1993,37,32,"2,835",31.5,7,1,8,5,2,3,6,0,0.22,0.03,0.25,0.16,0.19,Matches
327,Conor Hourihane,ie IRL,MF,Barnsley,33,1991,2,1,84,0.9,0,0,0,0,0,0,0,0,0,0,0,0,0,Matches
328,Ben House,eng ENG,"FW,MF",Lincoln City,25,1999,41,34,"2,635",29.3,6,3,9,6,0,0,12,0,0.2,0.1,0.31,0.2,0.31,Matches
329,Mark Howard,eng ENG,GK,Wrexham,37,1986,10,9,878,9.8,0,1,1,0,0,0,0,0,0,0.1,0.1,0,0.1,Matches
330,Charlie Hughes,eng ENG,DF,Wigan Athletic,20,2003,1,0,18,0.2,0,0,0,0,0,0,1,0,0,0,0,0,0,Matches
331,Sam Hughes,eng ENG,DF,Stockport,27,1997,8,3,313,3.5,0,0,0,0,0,0,1,0,0,0,0,0,0,Matches
332,Sam Hughes,eng ENG,DF,Peterborough United,27,1997,19,19,"1,682",18.7,1,0,1,1,0,0,3,0,0.05,0,0.05,0.05,0.05,Matches
333,Joe Hugill,eng ENG,FW,Wigan Athletic,20,2003,13,8,598,6.6,3,0,3,3,0,0,0,0,0.45,0,0.45,0.45,0.45,Matches
334,Jordan Hugill,eng ENG,FW,Rotherham United,32,1992,28,7,863,9.6,1,0,1,1,0,0,3,0,0.1,0,0.1,0.1,0.1,Matches
335,Cameron Humphreys,eng ENG,"DF,MF",Rotherham United,25,1998,40,39,"3,444",38.3,2,1,3,2,0,0,4,0,0.05,0.03,0.08,0.05,0.08,Matches
336,Cameron Humphreys,eng ENG,MF,Wycombe Wanderers,20,2003,42,40,"3,355",37.3,7,6,13,7,0,0,0,0,0.19,0.16,0.35,0.19,0.35,Matches
337,Stephen Humphrys,eng ENG,"FW,MF",Barnsley,26,1997,37,26,"2,282",25.4,9,2,11,9,0,0,3,0,0.35,0.08,0.43,0.35,0.43,Matches
338,Joseph Hungbo,eng ENG,"MF,FW",Rotherham United,24,2000,13,5,488,5.4,0,0,0,0,0,0,1,0,0,0,0,0,0,Matches
339,Joseph Hungbo,eng ENG,MF,Wigan Athletic,24,2000,11,5,486,5.4,0,1,1,0,0,0,1,0,0,0.19,0.19,0,0.19,Matches
340,Jack Hunt,eng ENG,"DF,MF",Bristol Rovers,33,1990,20,16,"1,399",15.5,0,1,1,0,0,0,2,0,0,0.06,0.06,0,0.06,Matches
341,James Husband,eng ENG,DF,Blackpool,30,1994,34,31,"2,663",29.6,3,1,4,3,0,0,8,0,0.1,0.03,0.14,0.1,0.14,Matches
342,Isaac Hutchinson,eng ENG,MF,Bristol Rovers,24,2000,37,22,"2,023",22.5,4,2,6,4,0,0,2,0,0.18,0.09,0.27,0.18,0.27,Matches
343,Luke Hutchinson,eng ENG,GK,Crawley Town,,,1,1,90,1,0,0,0,0,0,0,1,0,0,0,0,0,0,Matches
344,Danny Hylton,eng ENG,FW,Charlton Athletic,35,1989,6,0,60,0.7,1,0,1,1,0,0,1,0,1.5,0,1.5,1.5,1.5,Matches
345,Bradley Ibrahim,eng ENG,MF,Crawley Town,19,2004,33,24,"2,183",24.3,2,0,2,2,0,0,14,0,0.08,0,0.08,0.08,0.08,Matches
346,Zeno Ibsen Rossi,eng ENG,DF,Cambridge United,23,2000,15,12,"1,150",12.8,0,0,0,0,0,0,3,0,0,0,0,0,0,Matches
347,Bradley Ihionvien,eng ENG,FW,Peterborough United,20,2003,11,5,486,5.4,0,0,0,0,0,0,5,0,0,0,0,0,0,Matches
348,Sam Inwood,nir NIR,DF,Bolton Wanderers,18,2005,2,2,180,2,0,0,0,0,0,0,0,0,0,0,0,0,0,Matches
349,Tom Iorpenda,eng ENG,MF,Huddersfield Town,19,2005,5,0,62,0.7,0,0,0,0,0,0,0,0,0,0,0,0,0,Matches
350,Jack Iredale,au AUS,DF,Bolton Wanderers,28,1996,1,1,70,0.8,0,0,0,0,0,0,0,0,0,0,0,0,0,Matches
Rk,Player,Nation,Pos,Squad,Age,Born,MP,Starts,Min,90s,Gls,Ast,G+A,G-PK,PK,PKatt,CrdY,CrdR,Gls,Ast,G+A,G-PK,G+A-PK,Matches
351,Harvey Isted,eng ENG,GK,Burton Albion,27,1997,3,3,270,3,0,0,0,0,0,0,0,0,0,0,0,0,0,Matches
352,Tomoki Iwata,jp JPN,MF,Birmingham City,27,1997,40,38,"3,311",36.8,6,1,7,6,0,0,7,0,0.16,0.03,0.19,0.16,0.19,Matches
353,Adam Jackson,eng ENG,DF,Lincoln City,30,1994,27,26,"2,242",24.9,2,2,4,2,0,0,6,1,0.08,0.08,0.16,0.08,0.16,Matches
354,Ricky Jade-Jones,eng ENG,FW,Peterborough United,23,2001,46,34,"3,023",33.6,10,3,13,9,1,1,3,0,0.3,0.09,0.39,0.27,0.36,Matches
355,Diallang Jaiyesimi,eng ENG,MF,Leyton Orient,26,1998,28,4,674,7.5,1,1,2,1,0,0,2,0,0.13,0.13,0.27,0.13,0.27,Matches
356,Fabio Jalo,pt POR,"MF,FW",Barnsley,18,2005,16,5,602,6.7,2,2,4,2,0,0,4,0,0.3,0.3,0.6,0.3,0.6,Matches
357,Matty James,eng ENG,MF,Wrexham,33,1991,32,30,"2,689",29.9,2,3,5,2,0,0,2,0,0.07,0.1,0.17,0.07,0.17,Matches
358,Reece James,eng ENG,DF,Rotherham United,30,1993,43,42,"3,597",40,2,2,4,2,0,0,3,0,0.05,0.05,0.1,0.05,0.1,Matches
359,Tom James,wls WAL,DF,Leyton Orient,28,1996,22,17,"1,455",16.2,2,3,5,2,0,0,7,0,0.12,0.19,0.31,0.12,0.31,Matches
360,Zach Jeacock,eng ENG,GK,Lincoln City,23,2001,11,10,916,10.2,0,0,0,0,0,0,1,0,0,0,0,0,0,Matches
361,Dominic Jefferies,wls WAL,MF,Lincoln City,22,2002,34,24,"2,078",23.1,3,3,6,3,0,0,4,0,0.13,0.13,0.26,0.13,0.26,Matches
362,Tyreece John-Jules,eng ENG,"FW,MF",Crawley Town,23,2001,25,10,"1,112",12.4,0,1,1,0,0,0,3,0,0,0.08,0.08,0,0.08,Matches
363,Carl Johnston,nir NIR,DF,Peterborough United,22,2002,20,13,"1,266",14.1,0,0,0,0,0,0,3,0,0,0,0,0,0,Matches
364,George Johnston,sct SCO,DF,Bolton Wanderers,25,1998,38,37,"3,241",36,0,1,1,0,0,0,8,0,0,0.03,0.03,0,0.03,Matches
365,Gethin Jones,au AUS,"DF,MF",Bolton Wanderers,28,1995,23,16,"1,516",16.8,0,1,1,0,0,0,4,0,0,0.06,0.06,0,0.06,Matches
366,James Jones,sct SCO,MF,Burton Albion,28,1996,4,1,154,1.7,0,0,0,0,0,0,1,0,0,0,0,0,0,Matches
367,James Jones,sct SCO,"DF,MF",Wrexham,28,1996,2,0,29,0.3,0,0,0,0,0,0,0,0,0,0,0,0,0,Matches
368,Jordan Jones,nir NIR,"FW,MF",Wigan Athletic,29,1994,2,0,60,0.7,0,0,0,0,0,0,0,0,0,0,0,0,0,Matches
369,Lloyd Jones,eng ENG,DF,Charlton Athletic,28,1995,36,35,"3,104",34.5,3,0,3,3,0,0,6,0,0.09,0,0.09,0.09,0.09,Matches
370,Patrick Jones,wls WAL,"MF,DF",Exeter City,21,2003,17,6,495,5.5,0,0,0,0,0,0,1,0,0,0,0,0,0,Matches
371,Christian Joseph,lc LCA,DF,Bolton Wanderers,24,2000,16,12,"1,073",11.9,2,0,2,2,0,0,2,0,0.17,0,0.17,0.17,0.17,Matches
372,Kyle Joseph,sct SCO,FW,Blackpool,22,2001,24,24,"1,981",22,7,3,10,7,0,0,3,0,0.32,0.14,0.45,0.32,0.45,Matches
373,Zak Jules,sct SCO,DF,Rotherham United,27,1997,22,22,"1,846",20.5,2,0,2,2,0,0,4,0,0.1,0,0.1,0.1,0.1,Matches
374,Lukas Jutkiewicz,eng ENG,FW,Birmingham City,35,1989,16,0,222,2.5,1,0,1,1,0,0,0,0,0.41,0,0.41,0.41,0.41,Matches
375,Elias Kachunga,cd COD,"MF,FW",Cambridge United,32,1992,43,31,"2,691",29.9,7,0,7,7,0,0,8,1,0.23,0,0.23,0.23,0.23,Matches
Rk,Player,Nation,Pos,Squad,Age,Born,MP,Starts,Min,90s,Gls,Ast,G+A,G-PK,PK,PKatt,CrdY,CrdR,Gls,Ast,G+A,G-PK,G+A-PK,Matches
376,Sullay Kaikai,sl SLE,"MF,FW",Cambridge United,28,1995,25,11,"1,163",12.9,4,0,4,4,0,0,4,0,0.31,0,0.31,0.31,0.31,Matches
377,Tomas Kalinauskas,lt LTU,"MF,FW",Burton Albion,24,2000,39,18,"1,849",20.5,1,3,4,1,0,0,4,0,0.05,0.15,0.19,0.05,0.19,Matches
378,Herbie Kane,eng ENG,MF,Huddersfield Town,25,1998,28,21,"1,885",20.9,3,5,8,3,0,0,3,0,0.14,0.24,0.38,0.14,0.38,Matches
379,Abraham Kanu,sl SLE,DF,Reading,18,2005,10,4,433,4.8,0,0,0,0,0,0,0,0,0,0,0,0,0,Matches
380,Daniel Kanu,sl SLE,"FW,MF",Charlton Athletic,19,2004,17,5,589,6.5,1,0,1,1,0,0,1,0,0.15,0,0.15,0.15,0.15,Matches
381,David Kasumu,eng ENG,MF,Huddersfield Town,24,1999,32,27,"2,345",26.1,3,1,4,3,0,0,8,0,0.12,0.04,0.15,0.12,0.15,Matches
382,Jadel Katongo,zm ZAM,DF,Peterborough United,19,2004,17,13,"1,134",12.6,0,1,1,0,0,0,2,0,0,0.08,0.08,0,0.08,Matches
383,Amaru Kaunda,,MF,Cambridge United,,,1,0,8,0.1,0,0,0,0,0,0,0,0,0,0,0,0,0,Matches
384,Joshua Kayode,ng NGA,FW,Rotherham United,31,1992,11,1,155,1.7,0,0,0,0,0,0,0,0,0,0,0,0,0,Matches
385,Joshua Kayode,ng NGA,FW,Shrewsbury Town,31,1992,5,1,156,1.7,0,0,0,0,0,0,1,0,0,0,0,0,0,Matches
386,Josh Keeley,ie IRL,GK,Leyton Orient,21,2003,36,36,"3,240",36,0,1,1,0,0,0,5,0,0,0.03,0.03,0,0.03,Matches
387,Davis Keillor-Dunn,eng ENG,MF,Mansfield Town,26,1997,3,3,239,2.7,0,0,0,0,0,0,0,0,0,0,0,0,0,Matches
388,Davis Keillor-Dunn,eng ENG,"FW,MF",Barnsley,26,1997,42,42,"3,547",39.4,18,5,23,18,0,0,3,0,0.46,0.13,0.58,0.46,0.58,Matches
389,Jeremy Kelly,us USA,MF,Crawley Town,26,1997,37,32,"2,787",31,3,2,5,3,0,0,2,0,0.1,0.06,0.16,0.1,0.16,Matches
390,Liam Kelly,sct SCO,MF,Rotherham United,34,1990,18,15,"1,313",14.6,1,1,2,1,0,0,2,0,0.07,0.07,0.14,0.07,0.14,Matches
391,Charlie Kelman,us USA,"FW,MF",Leyton Orient,22,2001,46,37,"3,389",37.7,21,5,26,20,1,1,4,0,0.56,0.13,0.69,0.53,0.66,Matches
392,Daniel Kemp,eng ENG,MF,Stevenage,25,1999,40,33,"2,972",33,10,4,14,10,0,1,5,0,0.3,0.12,0.42,0.3,0.42,Matches
393,Jason Kerr,sct SCO,DF,Wigan Athletic,27,1997,44,44,"3,960",44,1,0,1,1,0,0,6,0,0.02,0,0.02,0.02,0.02,Matches
394,Rafiq Khaleel,eng ENG,MF,Crawley Town,21,2003,1,0,11,0.1,0,0,0,0,0,0,0,0,0,0,0,0,0,Matches
395,Brandon Khela,eng ENG,MF,Birmingham City,19,2005,2,0,14,0.2,0,0,0,0,0,0,0,0,0,0,0,0,0,Matches
396,Alfie Kilgour,eng ENG,DF,Mansfield Town,26,1998,17,7,629,7,0,0,0,0,0,0,2,0,0,0,0,0,0,Matches
397,Ben Killip,eng ENG,GK,Barnsley,28,1995,17,17,"1,530",17,0,1,1,0,0,0,2,0,0,0.06,0.06,0,0.06,Matches
398,Eli King,wls WAL,MF,Stevenage,21,2002,28,16,"1,361",15.1,1,3,4,1,0,0,2,0,0.07,0.2,0.26,0.07,0.26,Matches
399,Christoph Klarer,at AUT,DF,Birmingham City,24,2000,43,43,"3,813",42.4,1,3,4,1,0,0,11,0,0.02,0.07,0.09,0.02,0.09,Matches
400,Harvey Knibbs,eng ENG,"MF,FW",Reading,25,1999,43,41,"3,714",41.3,14,6,20,10,4,4,4,0,0.34,0.15,0.48,0.24,0.39,Matches
Rk,Player,Nation,Pos,Squad,Age,Born,MP,Starts,Min,90s,Gls,Ast,G+A,G-PK,PK,PKatt,CrdY,CrdR,Gls,Ast,G+A,G-PK,G+A-PK,Matches
401,Kyle Knoyle,eng ENG,"DF,MF",Stockport,27,1996,23,15,"1,371",15.2,0,1,1,0,0,0,4,0,0,0.07,0.07,0,0.07,Matches
402,Gideon Kodua,eng ENG,"MF,DF",Wycombe Wanderers,19,2004,20,2,376,4.2,2,0,2,2,0,0,1,0,0.48,0,0.48,0.48,0.48,Matches
403,Ali Koiki,eng ENG,DF,Northampton Town,24,1999,5,2,191,2.1,0,0,0,0,0,0,0,0,0,0,0,0,0,Matches
404,Ronnie Kokkinos,cy CYP,DF,Mansfield Town,18,2006,1,0,2,0,0,0,0,0,0,0,1,0,0,0,0,0,0,Matches
405,Richard Kone,ci CIV,FW,Wycombe Wanderers,21,2003,41,32,"2,745",30.5,18,3,21,14,4,6,4,0,0.59,0.1,0.69,0.46,0.56,Matches
406,Josh Koroma,sl SLE,"FW,MF",Huddersfield Town,25,1998,37,27,"2,400",26.7,11,2,13,10,1,3,2,0,0.41,0.07,0.49,0.37,0.45,Matches
407,Hector Kyprianou,cy CYP,MF,Peterborough United,23,2001,34,27,"2,409",26.8,3,1,4,3,0,0,9,0,0.11,0.04,0.15,0.11,0.15,Matches
408,Freddie Ladapo,eng ENG,FW,Huddersfield Town,31,1993,21,1,467,5.2,0,0,0,0,0,0,0,0,0,0,0,0,0,Matches
409,Ethan Laird,eng ENG,"DF,MF",Birmingham City,23,2001,35,27,"2,317",25.7,4,4,8,4,0,0,5,0,0.16,0.16,0.31,0.16,0.31,Matches
410,Joshua Laqeretabua,fj FIJ,DF,Charlton Athletic,18,2005,2,0,13,0.1,0,0,0,0,0,0,0,0,0,0,0,0,0,Matches
411,Julian Larsson,se SWE,"FW,MF",Burton Albion,23,2001,11,6,506,5.6,2,0,2,2,0,0,0,0,0.36,0,0.36,0.36,0.36,Matches
412,Shayne Lavery,nir NIR,FW,Cambridge United,25,1998,15,10,885,9.8,5,3,8,5,0,0,2,0,0.51,0.31,0.81,0.51,0.81,Matches
413,Daeshon Lawrence,,MF,Bolton Wanderers,,,2,0,44,0.5,0,0,0,0,0,0,0,0,0,0,0,0,0,Matches
414,Miles Leaburn,eng ENG,FW,Charlton Athletic,20,2003,27,14,"1,346",15,6,2,8,6,0,0,2,0,0.4,0.13,0.53,0.4,0.53,Matches
415,Luke Leahy,eng ENG,"MF,DF",Wycombe Wanderers,31,1992,39,30,"2,726",30.3,4,6,10,4,0,2,6,0,0.13,0.2,0.33,0.13,0.33,Matches
416,Elliot Lee,eng ENG,"MF,FW",Wrexham,29,1994,38,26,"2,374",26.4,8,3,11,8,0,0,3,0,0.3,0.11,0.42,0.3,0.42,Matches
417,Tom Lees,eng ENG,DF,Huddersfield Town,33,1990,29,28,"2,424",26.9,0,1,1,0,0,0,2,0,0,0.04,0.04,0,0.04,Matches
418,Dexter Lembikisa,jm JAM,"MF,DF",Barnsley,20,2003,12,3,413,4.6,0,0,0,0,0,0,0,0,0,0,0,0,0,Matches
419,Marc Leonard,sct SCO,MF,Birmingham City,22,2001,35,14,"1,477",16.4,0,4,4,0,0,0,2,0,0,0.24,0.24,0,0.24,Matches
420,Aaron Lewis,wls WAL,MF,Mansfield Town,26,1998,42,22,"2,252",25,2,1,3,2,0,0,9,0,0.08,0.04,0.12,0.08,0.12,Matches
421,Jonathan Lewis,us USA,"FW,MF",Barnsley,27,1997,5,0,56,0.6,1,0,1,1,0,0,0,0,1.61,0,1.61,1.61,1.61,Matches
422,Kiantay Licorish-Mullings,eng ENG,DF,Northampton Town,17,2006,1,0,5,0.1,0,0,0,0,0,0,0,0,0,0,0,0,0,Matches
423,Gustav Lindgren,se SWE,FW,Peterborough United,22,2001,13,8,647,7.2,1,1,2,1,0,0,2,0,0.14,0.14,0.28,0.14,0.28,Matches
424,Jamie Lindsay,sct SCO,MF,Bristol Rovers,28,1995,28,18,"1,531",17,2,0,2,2,0,0,7,1,0.12,0,0.12,0.12,0.12,Matches
425,Harvey Lintott,eng ENG,DF,Northampton Town,21,2003,1,0,9,0.1,0,0,0,0,0,0,0,0,0,0,0,0,0,Matches
Rk,Player,Nation,Pos,Squad,Age,Born,MP,Starts,Min,90s,Gls,Ast,G+A,G-PK,PK,PKatt,CrdY,CrdR,Gls,Ast,G+A,G-PK,G+A-PK,Matches
426,Elliott List,eng ENG,"MF,FW",Stevenage,27,1997,39,15,"1,599",17.8,4,1,5,4,0,0,2,0,0.23,0.06,0.28,0.23,0.28,Matches
427,George Lloyd,eng ENG,FW,Shrewsbury Town,24,2000,44,34,"2,998",33.3,5,3,8,5,0,0,6,0,0.15,0.09,0.24,0.15,0.24,Matches
428,Thimothee Lo Tutala,fr FRA,GK,Crawley Town,21,2003,1,1,90,1,0,0,0,0,0,0,1,0,0,0,0,0,0,Matches
429,Ryan Loft,eng ENG,FW,Cambridge United,26,1997,32,18,"1,532",17,2,1,3,2,0,0,9,1,0.12,0.06,0.18,0.12,0.18,Matches
430,Kyran Lofthouse,eng ENG,"MF,FW",Barnsley,23,2000,18,3,385,4.3,0,0,0,0,0,0,2,0,0,0,0,0,0,Matches
431,Kyran Lofthouse,eng ENG,MF,Burton Albion,23,2000,16,14,"1,272",14.1,0,1,1,0,0,0,4,0,0,0.07,0.07,0,0.07,Matches
432,Klaidi Lolos,gr GRE,"MF,FW",Bolton Wanderers,22,2001,24,8,841,9.3,2,2,4,2,0,0,5,0,0.21,0.21,0.43,0.21,0.43,Matches
433,Emmanuel Longelo,eng ENG,"MF,FW",Cambridge United,23,2000,15,3,362,4,1,2,3,1,0,0,0,0,0.25,0.5,0.75,0.25,0.75,Matches
434,Ryan Longman,eng ENG,MF,Wrexham,23,2000,19,14,"1,236",13.7,1,4,5,1,0,0,2,0,0.07,0.29,0.36,0.07,0.36,Matches
435,Nigel Lonwijk,nl NED,DF,Huddersfield Town,21,2002,21,21,"1,699",18.9,1,1,2,1,0,0,8,0,0.05,0.05,0.11,0.05,0.11,Matches
436,Jack Loughran,,MF,Shrewsbury Town,,,1,0,2,0,0,0,0,0,0,0,0,0,0,0,0,0,0,Matches
437,Joseph Low,wls WAL,DF,Wycombe Wanderers,22,2002,38,36,"3,240",36,4,0,4,4,0,0,7,0,0.11,0,0.11,0.11,0.11,Matches
438,Alexander lowry,sct SCO,"MF,FW",Wycombe Wanderers,21,2003,9,2,268,3,0,0,0,0,0,0,3,0,0,0,0,0,0,Matches
439,Beryly Lubala,cd COD,MF,Wycombe Wanderers,26,1998,27,13,"1,176",13.1,4,0,4,4,0,0,4,0,0.31,0,0.31,0.31,0.31,Matches
440,Andy Lyons,ie IRL,"DF,MF",Blackpool,23,2000,1,0,19,0.2,0,0,0,0,0,0,0,0,0,0,0,0,0,Matches
441,Alex MacDonald,sct SCO,"MF,DF",Rotherham United,34,1990,15,8,612,6.8,1,0,1,1,0,0,1,0,0.15,0,0.15,0.15,0.15,Matches
442,Angus MacDonald,eng ENG,DF,Exeter City,31,1992,15,14,"1,266",14.1,1,0,1,1,0,0,4,0,0.07,0,0.07,0.07,0.07,Matches
443,Calum MacDonald,eng ENG,"MF,DF",Mansfield Town,26,1997,6,3,245,2.7,1,0,1,1,0,0,1,0,0.37,0,0.37,0.37,0.37,Matches
444,Josh Magennis,nir NIR,FW,Exeter City,33,1990,40,35,"3,099",34.4,6,2,8,5,1,2,3,0,0.17,0.06,0.23,0.15,0.2,Matches
445,Tyler Magloire,eng ENG,DF,Northampton Town,25,1998,21,6,644,7.2,1,0,1,1,0,0,2,0,0.14,0,0.14,0.14,0.14,Matches
446,Jovon Makama,eng ENG,"FW,MF",Lincoln City,20,2004,38,29,"2,290",25.4,7,6,13,7,0,0,5,0,0.28,0.24,0.51,0.28,0.51,Matches
447,Udoka Malife,eng ENG,"DF,MF",Burton Albion,24,2000,42,39,"3,494",38.8,1,3,4,1,0,0,4,0,0.03,0.08,0.1,0.03,0.1,Matches
448,Scott Malone,eng ENG,MF,Crawley Town,33,1991,2,2,152,1.7,0,0,0,0,0,0,0,0,0,0,0,0,0,Matches
449,Scott Malone,eng ENG,DF,Cambridge United,33,1991,8,6,469,5.2,0,0,0,0,0,0,1,0,0,0,0,0,0,Matches
450,William Mannion,eng ENG,GK,Charlton Athletic,26,1998,28,27,"2,475",27.5,0,0,0,0,0,0,0,0,0,0,0,0,0,Matches
Rk,Player,Nation,Pos,Squad,Age,Born,MP,Starts,Min,90s,Gls,Ast,G+A,G-PK,PK,PKatt,CrdY,CrdR,Gls,Ast,G+A,G-PK,G+A-PK,Matches
451,George Maris,eng ENG,"MF,FW",Mansfield Town,28,1996,27,17,"1,395",15.5,4,1,5,4,0,0,2,0,0.26,0.06,0.32,0.26,0.32,Matches
452,Dilan Markanday,eng ENG,MF,Leyton Orient,22,2001,16,13,879,9.8,3,1,4,3,0,0,0,0,0.31,0.1,0.41,0.31,0.41,Matches
453,Marko Maroši,sk SVK,GK,Cambridge United,30,1993,2,2,129,1.4,0,0,0,0,0,0,0,0,0,0,0,0,0,Matches
454,John Marquis,eng ENG,FW,Shrewsbury Town,32,1992,40,34,"2,878",32,11,1,12,9,2,5,5,1,0.34,0.03,0.38,0.28,0.31,Matches
455,Jack Marriott,eng ENG,FW,Wrexham,29,1994,26,9,808,9,6,0,6,6,0,0,0,0,0.67,0,0.67,0.67,0.67,Matches
456,Aiden Marsh,eng ENG,FW,Barnsley,21,2003,7,0,185,2.1,0,0,0,0,0,0,0,0,0,0,0,0,0,Matches
457,Callum Marshall,nir NIR,"FW,MF",Huddersfield Town,19,2004,43,31,"2,673",29.7,9,3,12,9,0,0,1,1,0.3,0.1,0.4,0.3,0.4,Matches
458,Chris Martin,sct SCO,FW,Bristol Rovers,35,1988,23,16,"1,546",17.2,5,4,9,3,2,2,5,0,0.29,0.23,0.52,0.17,0.41,Matches
459,Owen Mason,ie IRL,GK,Mansfield Town,20,2004,1,1,90,1,0,0,0,0,0,0,0,0,0,0,0,0,0,Matches
460,Jay Matete,eng ENG,MF,Bolton Wanderers,23,2001,35,18,"1,802",20,3,1,4,3,0,0,9,0,0.15,0.05,0.2,0.15,0.2,Matches
461,Alfie May,eng ENG,"FW,MF",Birmingham City,31,1993,44,27,"2,342",26,16,8,24,15,1,1,3,0,0.61,0.31,0.92,0.58,0.88,Matches
462,Ashley Maynard-Brewer,au AUS,GK,Charlton Athletic,25,1999,19,19,"1,665",18.5,0,0,0,0,0,0,3,0,0,0,0,0,0,Matches
463,Amadou Mbengue,sn SEN,DF,Reading,22,2002,34,33,"2,939",32.7,1,0,1,1,0,0,10,0,0.03,0,0.03,0.03,0.03,Matches
464,Luke Mbete-Tatu,eng ENG,DF,Northampton Town,20,2003,13,9,854,9.5,0,0,0,0,0,0,2,0,0,0,0,0,0,Matches
465,Micah Mbick,eng ENG,FW,Charlton Athletic,17,2006,4,0,64,0.7,0,0,0,0,0,0,0,0,0,0,0,0,0,Matches
466,John Mcatee,eng ENG,"FW,MF",Bolton Wanderers,25,1999,45,31,"2,789",31,11,3,14,11,0,0,6,0,0.35,0.1,0.45,0.35,0.45,Matches
467,Bayley McCann,nir NIR,MF,Barnsley,18,2005,1,0,3,0,0,0,0,0,0,0,0,0,0,0,0,0,0,Matches
468,Liam McCarron,sct SCO,"MF,FW",Northampton Town,23,2001,16,4,410,4.6,1,0,1,1,0,0,0,0,0.22,0,0.22,0.22,0.22,Matches
469,Jamie McCart,sct SCO,DF,Rotherham United,27,1997,16,13,"1,157",12.9,0,0,0,0,0,0,2,0,0,0,0,0,0,Matches
470,Conor McCarthy,ie IRL,DF,Barnsley,26,1998,20,16,"1,468",16.3,0,1,1,0,0,0,6,0,0,0.06,0.06,0,0.06,Matches
471,Jason McCarthy,eng ENG,"DF,MF",Wycombe Wanderers,28,1995,2,0,46,0.5,0,0,0,0,0,0,0,0,0,0,0,0,0,Matches
472,James McClean,ie IRL,"MF,DF",Wrexham,35,1989,42,39,"3,403",37.8,4,7,11,4,0,0,11,0,0.11,0.19,0.29,0.11,0.29,Matches
473,Garath McCleary,jm JAM,"MF,FW",Wycombe Wanderers,37,1987,43,24,"2,249",25,4,5,9,4,0,0,1,0,0.16,0.2,0.36,0.16,0.36,Matches
474,Luke McCormick,eng ENG,"MF,FW",Bristol Rovers,25,1999,19,8,839,9.3,2,0,2,2,0,0,2,0,0.21,0,0.21,0.21,0.21,Matches
475,Kevin McDonald,sct SCO,"MF,DF",Exeter City,35,1988,11,9,571,6.3,0,0,0,0,0,0,4,0,0,0,0,0,0,Matches
Rk,Player,Nation,Pos,Squad,Age,Born,MP,Starts,Min,90s,Gls,Ast,G+A,G-PK,PK,PKatt,CrdY,CrdR,Gls,Ast,G+A,G-PK,G+A-PK,Matches
476,Cameron McGeehan,nir NIR,"MF,FW",Northampton Town,29,1995,40,40,"3,495",38.8,10,5,15,10,0,0,12,0,0.26,0.13,0.39,0.26,0.39,Matches
477,Aaron McGowan,eng ENG,"DF,MF",Northampton Town,28,1996,35,30,"2,410",26.8,1,1,2,1,0,0,3,0,0.04,0.04,0.07,0.04,0.07,Matches
478,Conor McGrandles,sct SCO,MF,Lincoln City,28,1995,42,36,"3,146",35,0,0,0,0,0,0,8,0,0,0,0,0,0,Matches
479,Ciaran McGuckin,nir NIR,FW,Rotherham United,20,2003,3,1,68,0.8,0,0,0,0,0,0,0,0,0,0,0,0,0,Matches
480,Harry McHugh,eng ENG,MF,Wigan Athletic,21,2002,14,4,464,5.2,0,0,0,0,0,0,2,0,0,0,0,0,0,Matches
481,Tom McIntyre,sct SCO,DF,Charlton Athletic,25,1998,10,4,327,3.6,0,0,0,0,0,0,0,0,0,0,0,0,0,Matches
482,JJ McKiernan,nir NIR,MF,Burton Albion,22,2002,19,19,"1,477",16.4,1,1,2,1,0,0,7,1,0.06,0.06,0.12,0.06,0.12,Matches
483,JJ McKiernan,nir NIR,MF,Lincoln City,22,2002,12,2,245,2.7,0,0,0,0,0,0,0,0,0,0,0,0,0,Matches
484,Stephen McLaughlin,ie IRL,"MF,DF",Mansfield Town,34,1990,41,27,"2,548",28.3,2,4,6,2,0,0,7,0,0.07,0.14,0.21,0.07,0.21,Matches
485,Callum McManaman,eng ENG,MF,Wigan Athletic,33,1991,26,2,528,5.9,1,0,1,1,0,0,6,0,0.17,0,0.17,0.17,0.17,Matches
486,Jack McMillan,sct SCO,"MF,DF",Exeter City,26,1997,43,43,"3,746",41.6,2,3,5,2,0,0,7,1,0.05,0.07,0.12,0.05,0.12,Matches
487,Shaun McWilliams,eng ENG,"MF,DF",Rotherham United,25,1998,24,12,"1,105",12.3,0,0,0,0,0,0,2,0,0,0,0,0,0,Matches
488,Jon Mellish,eng ENG,"DF,MF",Wigan Athletic,26,1997,21,15,"1,407",15.6,1,0,1,1,0,0,1,0,0.06,0,0.06,0.06,0.06,Matches
489,Michael Mellon,sct SCO,FW,Stockport,20,2003,2,0,32,0.4,0,0,0,0,0,0,0,0,0,0,0,0,0,Matches
490,Carlos Mendes Gomes,gw GNB,MF,Bolton Wanderers,25,1998,11,2,313,3.5,0,0,0,0,0,0,0,0,0,0,0,0,0,Matches
491,Jacob Mendy,gm GAM,MF,Wrexham,27,1996,4,1,94,1,0,0,0,0,0,0,0,0,0,0,0,0,0,Matches
492,K'Marni Miller,eng ENG,DF,Wigan Athletic,19,2005,2,0,61,0.7,0,0,0,0,0,0,1,0,0,0,0,0,0,Matches
493,Mickel Miller,eng ENG,"MF,DF",Huddersfield Town,28,1995,18,15,"1,288",14.3,0,3,3,0,0,0,2,0,0,0.21,0.21,0,0.21,Matches
494,Harley Mills,,DF,Peterborough United,,,11,8,742,8.2,0,1,1,0,0,0,1,1,0,0.12,0.12,0,0.12,Matches
495,Jade Mingi,eng ENG,"DF,MF",Stockport,23,2000,11,8,553,6.1,0,0,0,0,0,0,1,0,0,0,0,0,0,Matches
496,Alex Mitchell,eng ENG,DF,Charlton Athletic,22,2001,31,26,"2,339",26,2,1,3,2,0,0,6,0,0.08,0.04,0.12,0.08,0.12,Matches
497,Demetri Mitchell,eng ENG,"MF,FW",Exeter City,27,1997,23,12,"1,123",12.5,4,1,5,4,0,0,1,0,0.32,0.08,0.4,0.32,0.4,Matches
498,Zach Mitchell,eng ENG,DF,Charlton Athletic,19,2005,1,1,90,1,0,0,0,0,0,0,0,0,0,0,0,0,0,Matches
499,Koji Miyoshi,jp JPN,MF,Birmingham City,27,1997,3,1,100,1.1,0,0,0,0,0,0,0,0,0,0,0,0,0,Matches
500,Clinton Mola,eng ENG,"DF,MF",Bristol Rovers,23,2001,34,29,"2,488",27.6,0,1,1,0,0,0,5,0,0,0.04,0.04,0,0.04,Matches
Rk,Player,Nation,Pos,Squad,Age,Born,MP,Starts,Min,90s,Gls,Ast,G+A,G-PK,PK,PKatt,CrdY,CrdR,Gls,Ast,G+A,G-PK,G+A-PK,Matches
501,Lewis Montsma,nl NED,DF,Lincoln City,26,1998,16,12,"1,140",12.7,1,1,2,1,0,0,2,0,0.08,0.08,0.16,0.08,0.16,Matches
502,Taylor Moore,eng ENG,"DF,MF",Bristol Rovers,27,1997,33,25,"2,287",25.4,1,0,1,1,0,0,7,1,0.04,0,0.04,0.04,0.04,Matches
503,Albie Morgan,eng ENG,MF,Blackpool,24,2000,36,36,"3,156",35.1,5,8,13,5,0,0,3,0,0.14,0.23,0.37,0.14,0.37,Matches
504,Aaron Morley,eng ENG,MF,Wycombe Wanderers,24,2000,19,18,"1,648",18.3,2,4,6,1,1,1,1,0,0.11,0.22,0.33,0.05,0.27,Matches
505,Aaron Morley,eng ENG,MF,Bolton Wanderers,24,2000,19,18,"1,539",17.1,4,3,7,3,1,1,4,1,0.23,0.18,0.41,0.18,0.35,Matches
506,Michael Morrison,eng ENG,DF,Cambridge United,36,1988,41,40,"3,583",39.8,1,0,1,1,0,0,7,1,0.03,0,0.03,0.03,0.03,Matches
507,Callum Morton,eng ENG,FW,Northampton Town,24,2000,7,5,481,5.3,1,1,2,1,0,0,0,0,0.19,0.19,0.37,0.19,0.37,Matches
508,Malik Mothersille,jm JAM,"MF,FW",Peterborough United,20,2003,45,37,"3,269",36.3,12,9,21,6,6,7,4,0,0.33,0.25,0.58,0.17,0.41,Matches
509,Owen Moxon,eng ENG,MF,Stockport,26,1998,17,7,688,7.6,0,1,1,0,0,0,2,0,0,0.13,0.13,0,0.13,Matches
510,Jack Moylan,ie IRL,MF,Lincoln City,22,2001,28,11,"1,228",13.6,2,0,2,1,1,1,1,0,0.15,0,0.15,0.07,0.07,Matches
511,Joy Mukena,be BEL,DF,Crawley Town,25,1999,19,16,"1,465",16.3,0,0,0,0,0,0,4,0,0,0,0,0,0,Matches
512,Tobias Mullarkey,eng ENG,DF,Crawley Town,27,1996,31,31,"2,737",30.4,0,1,1,0,0,0,8,0,0,0.03,0.03,0,0.03,Matches
513,Paul Mullin,eng ENG,FW,Wrexham,29,1994,26,9,"1,161",12.9,2,0,2,2,0,0,3,0,0.16,0,0.16,0.16,0.16,Matches
514,Alex Murphy,ie IRL,"DF,MF",Bolton Wanderers,20,2004,13,11,967,10.7,2,0,2,2,0,0,1,0,0.19,0,0.19,0.19,0.19,Matches
515,Lee Myung-jae,kr KOR,DF,Birmingham City,30,1993,3,2,182,2,0,0,0,0,0,0,0,0,0,0,0,0,0,Matches
516,George Nevett,wls WAL,DF,Peterborough United,18,2006,16,10,969,10.8,0,0,0,0,0,0,3,1,0,0,0,0,0,Matches
517,Jack Newhall,,FW,Burton Albion,,,1,0,1,0,0,0,0,0,0,0,0,0,0,0,0,0,0,Matches
518,Lee Nicholls,eng ENG,GK,Huddersfield Town,31,1992,23,23,"2,070",23,0,0,0,0,0,0,1,0,0,0,0,0,0,Matches
519,Tom Nichols,eng ENG,MF,Mansfield Town,30,1993,5,1,83,0.9,0,0,0,0,0,0,1,0,0,0,0,0,0,Matches
520,Ilmari Niskanen,fi FIN,"MF,DF",Exeter City,26,1997,40,35,"3,093",34.4,2,1,3,2,0,0,9,0,0.06,0.03,0.09,0.06,0.09,Matches
521,Brandon Njoku,eng ENG,FW,Cambridge United,19,2005,25,8,782,8.7,1,0,1,1,0,0,3,0,0.12,0,0.12,0.12,0.12,Matches
522,Dan Nlundulu,eng ENG,FW,Cambridge United,25,1999,25,17,"1,537",17.1,4,2,6,3,1,1,2,0,0.23,0.12,0.35,0.18,0.29,Matches
523,Sam Nombe,eng ENG,"FW,MF",Rotherham United,25,1998,43,40,"3,442",38.2,14,5,19,13,1,1,4,0,0.37,0.13,0.5,0.34,0.47,Matches
524,Oliver Norburn,gd GRN,MF,Blackpool,31,1992,8,6,509,5.7,0,0,0,0,0,0,5,0,0,0,0,0,0,Matches
525,Oliver Norburn,gd GRN,MF,Wigan Athletic,31,1992,14,12,964,10.7,0,0,0,0,0,0,4,0,0,0,0,0,0,Matches
Rk,Player,Nation,Pos,Squad,Age,Born,MP,Starts,Min,90s,Gls,Ast,G+A,G-PK,PK,PKatt,CrdY,CrdR,Gls,Ast,G+A,G-PK,G+A-PK,Matches
526,Will Norris,eng ENG,GK,Wycombe Wanderers,30,1993,17,17,"1,530",17,0,0,0,0,0,0,0,0,0,0,0,0,0,Matches
527,Oliver Norwood,nir NIR,MF,Stockport,33,1991,42,32,"2,835",31.5,3,4,7,1,2,2,5,0,0.1,0.13,0.22,0.03,0.16,Matches
528,Aristote Nsiala,cd COD,DF,Shrewsbury Town,32,1992,20,16,"1,415",15.7,1,0,1,1,0,0,4,1,0.06,0,0.06,0.06,0.06,Matches
529,George Nurse,eng ENG,"DF,MF",Shrewsbury Town,25,1999,22,14,"1,077",12,0,0,0,0,0,0,2,0,0,0,0,0,0,Matches
530,Kelechi Nwakali,ng NGA,MF,Barnsley,26,1998,23,12,"1,311",14.6,1,0,1,1,0,0,4,0,0.07,0,0.07,0.07,0.07,Matches
531,Donay O'Brien-Brady,eng ENG,MF,Peterborough United,20,2004,20,9,913,10.1,1,1,2,1,0,0,1,0,0.1,0.1,0.2,0.1,0.2,Matches
532,Eoghan O'Connell,ie IRL,DF,Wrexham,28,1995,39,38,"3,347",37.2,0,2,2,0,0,0,6,0,0,0.05,0.05,0,0.05,Matches
533,Paudie O'Connor,ie IRL,DF,Lincoln City,27,1997,39,38,"3,376",37.5,3,5,8,3,0,0,11,2,0.08,0.13,0.21,0.08,0.21,Matches
534,Thomas O'Connor,ie IRL,DF,Wrexham,25,1999,31,25,"2,268",25.2,0,1,1,0,0,0,3,0,0,0.04,0.04,0,0.04,Matches
535,Gatlin O'Donkor,eng ENG,"FW,MF",Bristol Rovers,19,2004,28,14,"1,337",14.9,4,1,5,4,0,0,2,0,0.27,0.07,0.34,0.27,0.34,Matches
536,Richard O'Donnell,eng ENG,GK,Blackpool,35,1988,6,6,540,6,0,0,0,0,0,0,0,0,0,0,0,0,0,Matches
537,Corey O'Keeffe,ie IRL,MF,Barnsley,26,1998,41,35,"3,114",34.6,0,7,7,0,0,0,8,0,0,0.2,0.2,0,0.2,Matches
538,Oliver O'Neill,ie IRL,MF,Leyton Orient,21,2003,26,21,"1,700",18.9,2,2,4,2,0,0,7,0,0.11,0.11,0.21,0.11,0.21,Matches
539,Tommi O'Reilly,eng ENG,MF,Shrewsbury Town,20,2003,12,6,572,6.4,0,1,1,0,0,0,3,0,0,0.16,0.16,0,0.16,Matches
540,Connor O'Riordan,ie IRL,DF,Cambridge United,20,2003,4,3,339,3.8,0,0,0,0,0,0,0,0,0,0,0,0,0,Matches
541,Liam Oakes,,DF,Exeter City,,,1,0,4,0,0,0,0,0,0,0,0,0,0,0,0,0,0,Matches
542,Rhys Oates,eng ENG,FW,Mansfield Town,29,1994,4,1,89,1,0,0,0,0,0,0,0,0,0,0,0,0,0,Matches
543,Fran Obiagwu,,FW,Northampton Town,,,2,0,14,0.2,0,0,0,0,0,0,0,0,0,0,0,0,0,Matches
544,Zech Obiero,ke KEN,MF,Leyton Orient,19,2005,10,4,354,3.9,0,1,1,0,0,0,2,0,0,0.25,0.25,0,0.25,Matches
545,Akin Odimayo,eng ENG,"DF,MF",Northampton Town,24,1999,41,32,"2,743",30.5,0,1,1,0,0,0,4,1,0,0.03,0.03,0,0.03,Matches
546,Hakeem Odoffin,eng ENG,"DF,MF",Rotherham United,26,1998,44,44,"3,936",43.7,5,1,6,5,0,0,6,0,0.11,0.02,0.14,0.11,0.14,Matches
547,Abraham Odoh,eng ENG,MF,Peterborough United,24,2000,38,23,"2,180",24.2,5,7,12,5,0,0,6,0,0.21,0.29,0.5,0.21,0.5,Matches
548,Odeluga Offiah,eng ENG,DF,Blackpool,21,2002,40,40,"3,486",38.7,1,1,2,1,0,0,3,0,0.03,0.03,0.05,0.03,0.05,Matches
549,Funso Ojo,be BEL,MF,Shrewsbury Town,32,1991,31,22,"2,021",22.5,0,2,2,0,0,0,7,0,0,0.09,0.09,0,0.09,Matches
550,Jubril Okedina,mw MWI,DF,Cambridge United,23,2000,27,23,"1,970",21.9,0,0,0,0,0,0,2,1,0,0,0,0,0,Matches
Rk,Player,Nation,Pos,Squad,Age,Born,MP,Starts,Min,90s,Gls,Ast,G+A,G-PK,PK,PKatt,CrdY,CrdR,Gls,Ast,G+A,G-PK,G+A-PK,Matches
551,Arthur Okonkwo,eng ENG,GK,Wrexham,22,2001,33,33,"2,970",33,0,0,0,0,0,0,1,0,0,0,0,0,0,Matches
552,Zane Okoro,eng ENG,FW,Lincoln City,17,2007,2,0,40,0.4,0,0,0,0,0,0,0,0,0,0,0,0,0,Matches
553,Michael Olakigbe,eng ENG,MF,Wigan Athletic,20,2004,13,7,655,7.3,0,0,0,0,0,0,0,0,0,0,0,0,0,Matches
554,Isaac Olaofe,eng ENG,"FW,MF",Stockport,24,1999,42,26,"2,301",25.6,8,3,11,8,0,0,3,0,0.31,0.12,0.43,0.31,0.43,Matches
555,Vadaine Oliver,eng ENG,"FW,MF",Shrewsbury Town,32,1991,13,4,400,4.4,2,1,3,2,0,0,1,0,0.45,0.23,0.68,0.45,0.68,Matches
556,Andrew Oluwabori,ng NGA,MF,Exeter City,22,2001,6,1,122,1.4,1,0,1,1,0,0,0,0,0.74,0,0.74,0.74,0.74,Matches
557,Promise Omochere,ie IRL,FW,Bristol Rovers,23,2000,22,16,"1,282",14.2,4,3,7,4,0,0,2,0,0.28,0.21,0.49,0.28,0.49,Matches
558,Josh Onomah,eng ENG,MF,Blackpool,27,1997,15,3,357,4,1,0,1,1,0,0,0,0,0.25,0,0.25,0.25,0.25,Matches
559,Tyler Onyango,eng ENG,DF,Stockport,21,2003,7,4,343,3.8,0,1,1,0,0,0,2,0,0,0.26,0.26,0,0.26,Matches
560,Fred Onyedinma,eng ENG,MF,Wycombe Wanderers,27,1996,39,28,"2,297",25.5,6,2,8,6,0,0,3,0,0.24,0.08,0.31,0.24,0.31,Matches
561,Danilo Orsi-Dadamo,eng ENG,FW,Burton Albion,28,1996,27,18,"1,563",17.4,6,3,9,6,0,0,2,0,0.35,0.17,0.52,0.35,0.52,Matches
562,Jordi Osei-Tutu,eng ENG,"MF,DF",Bolton Wanderers,25,1998,32,15,"1,615",17.9,1,2,3,1,0,0,7,0,0.06,0.11,0.17,0.06,0.17,Matches
563,Deji Oshilaja,eng ENG,DF,Mansfield Town,31,1993,39,38,"3,286",36.5,4,0,4,4,0,0,8,0,0.11,0,0.11,0.11,0.11,Matches
564,Emmanuel Osho,,MF,Reading,,,1,0,1,0,0,0,0,0,0,0,0,0,0,0,0,0,0,Matches
565,Detlef Osong,eng ENG,FW,Rotherham United,19,2004,6,1,100,1.1,0,0,0,0,0,0,0,0,0,0,0,0,0,Matches
566,Detlef Osong,eng ENG,FW,Cambridge United,19,2004,2,0,22,0.2,0,0,0,0,0,0,0,0,0,0,0,0,0,Matches
567,Ollie Palmer,eng ENG,FW,Wrexham,32,1992,27,26,"1,803",20,3,2,5,3,0,0,4,0,0.15,0.1,0.25,0.15,0.25,Matches
568,Antony Papadopoulos,eng ENG,MF,Crawley Town,21,2002,5,0,39,0.4,0,0,0,0,0,0,0,0,0,0,0,0,0,Matches
569,Jasper Pattenden,eng ENG,"DF,MF",Wycombe Wanderers,22,2002,13,10,933,10.4,0,0,0,0,0,0,2,0,0,0,0,0,0,Matches
570,Kai Payne,eng ENG,MF,Wigan Athletic,19,2004,2,0,47,0.5,0,0,0,0,0,0,0,0,0,0,0,0,0,Matches
571,Bailey Peacock-Farrell,nir NIR,GK,Birmingham City,27,1996,9,8,721,8,0,0,0,0,0,0,0,0,0,0,0,0,0,Matches
572,Matty Pearson,eng ENG,DF,Huddersfield Town,30,1993,29,25,"2,206",24.5,5,0,5,5,0,0,3,0,0.2,0,0.2,0.2,0.2,Matches
573,Matthew Pennington,eng ENG,DF,Blackpool,29,1994,21,18,"1,609",17.9,0,0,0,0,0,0,2,0,0,0,0,0,0,Matches
574,Sonny Perkins,eng ENG,MF,Leyton Orient,20,2004,30,11,"1,039",11.5,4,2,6,4,0,0,1,0,0.35,0.17,0.52,0.35,0.52,Matches
575,Ben Perry,eng ENG,MF,Northampton Town,19,2004,17,14,"1,226",13.6,0,0,0,0,0,0,4,0,0,0,0,0,0,Matches
Rk,Player,Nation,Pos,Squad,Age,Born,MP,Starts,Min,90s,Gls,Ast,G+A,G-PK,PK,PKatt,CrdY,CrdR,Gls,Ast,G+A,G-PK,G+A-PK,Matches
576,Taylor Perry,eng ENG,MF,Shrewsbury Town,23,2001,34,20,"1,723",19.1,3,1,4,3,0,0,4,0,0.16,0.05,0.21,0.16,0.21,Matches
577,Adam Phillips,eng ENG,MF,Barnsley,26,1998,36,34,"2,833",31.5,9,6,15,6,3,3,4,1,0.29,0.19,0.48,0.19,0.38,Matches
578,Daniel Phillips,tt TRI,MF,Stevenage,23,2001,42,31,"2,739",30.4,0,0,0,0,0,0,12,0,0,0,0,0,0,Matches
579,Dillon Phillips,eng ENG,GK,Rotherham United,29,1995,33,32,"2,889",32.1,0,0,0,0,0,0,1,0,0,0,0,0,0,Matches
580,Carl Piergianni,eng ENG,DF,Stevenage,32,1992,44,44,"3,949",43.9,3,1,4,3,0,0,9,0,0.07,0.02,0.09,0.07,0.09,Matches
581,Aaron Pierre,gd GRN,DF,Shrewsbury Town,31,1993,33,27,"2,396",26.6,3,1,4,3,0,0,9,0,0.11,0.04,0.15,0.11,0.15,Matches
582,Donovan Pines,us USA,DF,Barnsley,26,1998,24,17,"1,494",16.6,2,0,2,2,0,0,5,0,0.12,0,0.12,0.12,0.12,Matches
583,Mitchell Pinnock,eng ENG,MF,Northampton Town,29,1994,46,45,"3,924",43.6,2,7,9,2,0,0,5,0,0.05,0.16,0.21,0.05,0.21,Matches
584,Kwame Poku,gh GHA,MF,Peterborough United,22,2001,27,25,"2,058",22.9,12,8,20,12,0,0,0,0,0.52,0.35,0.87,0.52,0.87,Matches
585,Dan Potts,eng ENG,DF,Charlton Athletic,30,1994,1,1,74,0.8,0,0,0,0,0,0,1,0,0,0,0,0,0,Matches
586,Joe Powell,eng ENG,MF,Rotherham United,25,1998,46,44,"3,964",44,1,8,9,1,0,0,4,0,0.02,0.18,0.2,0.02,0.2,Matches
587,Nick Powell,eng ENG,MF,Stockport,30,1994,7,3,240,2.7,0,1,1,0,0,0,0,0,0,0.37,0.37,0,0.37,Matches
588,Darren Pratley,jm JAM,MF,Leyton Orient,39,1985,31,21,"1,715",19.1,0,1,1,0,0,0,9,1,0,0.05,0.05,0,0.05,Matches
589,Aaron Pressley,sct SCO,FW,Stevenage,23,2001,4,0,84,0.9,0,0,0,0,0,0,1,0,0,0,0,0,0,Matches
590,Ben Purrington,eng ENG,"DF,MF",Exeter City,28,1996,21,12,"1,017",11.3,0,0,0,0,0,0,3,0,0,0,0,0,0,Matches
591,Ethan Pye,eng ENG,DF,Stockport,21,2002,42,42,"3,779",42,1,3,4,1,0,0,10,1,0.02,0.07,0.1,0.02,0.1,Matches
592,Christy Pym,eng ENG,GK,Mansfield Town,29,1995,38,38,"3,360",37.3,0,0,0,0,0,0,1,0,0,0,0,0,0,Matches
593,Ben Quinn,ie IRL,FW,Mansfield Town,19,2004,1,0,1,0,0,0,0,0,0,0,0,0,0,0,0,0,0,Matches
594,Stephen Quinn,ie IRL,MF,Mansfield Town,38,1986,30,13,"1,177",13.1,1,2,3,1,0,0,2,0,0.08,0.15,0.23,0.08,0.23,Matches
595,Junior Quitirna,eng ENG,MF,Crawley Town,24,2000,34,21,"1,876",20.8,8,1,9,6,2,2,4,0,0.38,0.05,0.43,0.29,0.34,Matches
596,Ben Radcliffe,eng ENG,DF,Crawley Town,20,2004,19,16,"1,480",16.4,0,0,0,0,0,0,8,0,0,0,0,0,0,Matches
597,Bojan Radulovic,rs SRB,FW,Huddersfield Town,24,1999,17,9,855,9.5,1,0,1,1,0,0,1,0,0.11,0,0.11,0.11,0.11,Matches
598,Joe Rafferty,ie IRL,DF,Rotherham United,30,1993,39,38,"3,383",37.6,1,1,2,1,0,0,5,0,0.03,0.03,0.05,0.03,0.05,Matches
599,Sean Raggett,eng ENG,DF,Rotherham United,31,1993,9,6,650,7.2,1,1,2,1,0,0,3,0,0.14,0.14,0.28,0.14,0.28,Matches
600,Calvin Ramsay,sct SCO,DF,Wigan Athletic,21,2003,8,3,304,3.4,0,0,0,0,0,0,0,0,0,0,0,0,0,Matches
Rk,Player,Nation,Pos,Squad,Age,Born,MP,Starts,Min,90s,Gls,Ast,G+A,G-PK,PK,PKatt,CrdY,CrdR,Gls,Ast,G+A,G-PK,G+A-PK,Matches
601,Kayne Ramsey,eng ENG,"DF,MF",Charlton Athletic,23,2000,32,30,"2,656",29.5,1,1,2,1,0,0,4,0,0.03,0.03,0.07,0.03,0.07,Matches
602,Joel Randall,eng ENG,"MF,FW",Bolton Wanderers,24,1999,19,10,949,10.5,1,3,4,1,0,0,1,0,0.09,0.28,0.38,0.09,0.38,Matches
603,Joel Randall,eng ENG,MF,Peterborough United,24,1999,18,16,"1,356",15.1,5,2,7,5,0,0,2,0,0.33,0.13,0.46,0.33,0.46,Matches
604,Dion Rankine,eng ENG,MF,Wigan Athletic,21,2002,20,13,"1,078",12,1,0,1,1,0,0,1,0,0.08,0,0.08,0.08,0.08,Matches
605,Oliver Rathbone,eng ENG,MF,Wrexham,27,1996,41,34,"3,057",34,9,3,12,9,0,0,9,0,0.26,0.09,0.35,0.26,0.35,Matches
606,Franco Ravizzoli,ar ARG,GK,Wycombe Wanderers,27,1997,27,27,"2,430",27,0,0,0,0,0,0,1,0,0,0,0,0,0,Matches
607,Adam Reach,eng ENG,"DF,MF",Wycombe Wanderers,31,1993,12,7,705,7.8,0,0,0,0,0,0,0,0,0,0,0,0,0,Matches
608,Louis Reed,eng ENG,MF,Mansfield Town,27,1997,41,39,"3,345",37.2,0,3,3,0,0,0,8,0,0,0.08,0.08,0,0.08,Matches
609,Jamie Reid,nir NIR,"FW,MF",Stevenage,30,1994,42,35,"3,056",34,8,4,12,7,1,2,2,0,0.24,0.12,0.35,0.21,0.32,Matches
610,Michael Reindorf,eng ENG,MF,Bristol Rovers,19,2005,4,0,80,0.9,0,0,0,0,0,0,0,0,0,0,0,0,0,Matches
611,Seb Revan,eng ENG,"MF,DF",Wrexham,21,2003,19,9,842,9.4,0,0,0,0,0,0,1,0,0,0,0,0,0,Matches
612,Vicente Reyes,cl CHI,GK,Cambridge United,20,2003,20,20,"1,800",20,0,0,0,0,0,0,2,0,0,0,0,0,0,Matches
613,Jordan Rhodes,sct SCO,FW,Mansfield Town,34,1990,14,3,492,5.5,1,0,1,1,0,0,1,0,0.18,0,0.18,0.18,0.18,Matches
614,Jordan Rhodes,sct SCO,FW,Blackpool,34,1990,21,3,548,6.1,0,1,1,0,0,0,2,0,0,0.16,0.16,0,0.16,Matches
615,Harrison Rice,,MF,Bolton Wanderers,,,1,0,1,0,0,0,0,0,0,0,0,0,0,0,0,0,0,Matches
616,Amani Richards,eng ENG,FW,Exeter City,19,2004,6,2,203,2.3,1,0,1,1,0,0,1,0,0.44,0,0.44,0.44,0.44,Matches
617,Jake Richards,eng ENG,"MF,DF",Exeter City,16,2007,13,9,686,7.6,1,1,2,1,0,0,2,0,0.13,0.13,0.26,0.13,0.26,Matches
618,Taylor Richards,eng ENG,MF,Cambridge United,23,2000,5,0,50,0.6,0,0,0,0,0,0,0,0,0,0,0,0,0,Matches
619,Erik Ring,se SWE,MF,Lincoln City,22,2002,24,9,864,9.6,3,2,5,3,0,0,0,0,0.31,0.21,0.52,0.31,0.52,Matches
620,Jordan Roberts,eng ENG,MF,Stevenage,30,1994,42,38,"3,210",35.7,4,1,5,4,0,0,8,0,0.11,0.03,0.14,0.11,0.14,Matches
621,Marc Roberts,eng ENG,DF,Barnsley,34,1990,37,35,"3,074",34.2,3,1,4,3,0,0,3,1,0.09,0.03,0.12,0.09,0.12,Matches
622,Tyler Roberts,wls WAL,"FW,MF",Northampton Town,25,1999,27,21,"1,724",19.2,1,2,3,1,0,0,5,1,0.05,0.1,0.16,0.05,0.16,Matches
623,Luke Robinson,sct SCO,DF,Wigan Athletic,22,2001,23,12,"1,122",12.5,1,0,1,1,0,0,3,0,0.08,0,0.08,0.08,0.08,Matches
624,Clément Rodrigues,fr FRA,"MF,FW",Barnsley,23,2000,6,2,169,1.9,0,0,0,0,0,0,0,0,0,0,0,0,0,Matches
625,Jay Rodriguez,eng ENG,FW,Wrexham,35,1989,17,17,"1,140",12.7,2,2,4,1,1,2,0,0,0.16,0.16,0.32,0.08,0.24,Matches
Rk,Player,Nation,Pos,Squad,Age,Born,MP,Starts,Min,90s,Gls,Ast,G+A,G-PK,PK,PKatt,CrdY,CrdR,Gls,Ast,G+A,G-PK,G+A-PK,Matches
626,Jack Roles,cy CYP,MF,Crawley Town,25,1999,20,5,623,6.9,0,1,1,0,0,0,2,0,0,0.14,0.14,0,0.14,Matches
627,Ruben Roosken,nl NED,MF,Huddersfield Town,24,2000,14,11,893,9.9,2,3,5,2,0,0,1,1,0.2,0.3,0.5,0.2,0.5,Matches
628,Oliver Rose,eng ENG,FW,Peterborough United,19,2004,1,0,5,0.1,0,0,0,0,0,0,0,0,0,0,0,0,0,Matches
629,Jordan Rossiter,eng ENG,MF,Shrewsbury Town,27,1997,15,10,889,9.9,0,0,0,0,0,0,2,0,0,0,0,0,0,Matches
630,Sean Roughan,ie IRL,DF,Lincoln City,20,2003,46,46,"4,140",46,1,3,4,1,0,0,3,0,0.02,0.07,0.09,0.02,0.09,Matches
631,Pelly Ruddock Mpanzu,cd COD,MF,Rotherham United,31,1993,18,18,"1,517",16.9,1,1,2,1,0,0,0,0,0.06,0.06,0.12,0.06,0.12,Matches
632,Josh Ruffels,eng ENG,DF,Huddersfield Town,30,1993,22,14,"1,427",15.9,0,0,0,0,0,0,3,0,0,0,0,0,0,Matches
633,Tivonge Rushesha,wls WAL,DF,Reading,22,2002,18,9,745,8.3,0,0,0,0,0,0,0,0,0,0,0,0,0,Matches
634,Jonathan Russell,jm JAM,MF,Barnsley,23,2000,40,34,"3,114",34.6,11,2,13,11,0,0,6,0,0.32,0.06,0.38,0.32,0.38,Matches
635,Ryan Rydel,eng ENG,"MF,DF",Stockport,23,2001,17,8,833,9.3,0,3,3,0,0,0,0,0,0,0.32,0.32,0,0.32,Matches
636,Kieran Sadlier,ie IRL,"MF,FW",Wycombe Wanderers,29,1994,10,5,456,5.1,1,3,4,0,1,1,0,0,0.2,0.59,0.79,0,0.59,Matches
637,Charles Sagoe Jr,eng ENG,MF,Shrewsbury Town,20,2004,13,5,492,5.5,0,0,0,0,0,0,0,0,0,0,0,0,0,Matches
638,Alfons Sampsted,is ISL,DF,Birmingham City,26,1998,17,4,561,6.2,1,0,1,1,0,0,0,0,0.16,0,0.16,0.16,0.16,Matches
639,Dion Sanderson,eng ENG,DF,Birmingham City,24,1999,2,1,93,1,0,0,0,0,0,0,0,0,0,0,0,0,0,Matches
640,Ricardo Santos,,DF,Bolton Wanderers,29,1995,25,25,"2,181",24.2,1,0,1,1,0,0,7,0,0.04,0,0.04,0.04,0.04,Matches
641,Charlie Savage,wls WAL,MF,Reading,21,2003,45,40,"3,495",38.8,5,9,14,5,0,0,6,0,0.13,0.23,0.36,0.13,0.36,Matches
642,Toby Savin,ga GAB,GK,Shrewsbury Town,24,2000,19,19,"1,710",19,0,0,0,0,0,0,2,0,0,0,0,0,0,Matches
643,Romaine Sawyers,kn SKN,MF,Bristol Rovers,32,1991,13,9,813,9,1,0,1,1,0,0,2,0,0.11,0,0.11,0.11,0.11,Matches
644,Dan Scarr,eng ENG,DF,Wrexham,29,1994,14,12,"1,081",12,0,0,0,0,0,0,3,0,0,0,0,0,0,Matches
645,Szabolcs Schön,hu HUN,MF,Bolton Wanderers,23,2000,39,34,"2,713",30.1,1,4,5,1,0,0,8,0,0.03,0.13,0.17,0.03,0.17,Matches
646,Josh Scowen,eng ENG,MF,Wycombe Wanderers,31,1993,38,34,"2,945",32.7,0,5,5,0,0,0,6,0,0,0.15,0.15,0,0.15,Matches
647,Joel Senior,jm JAM,"DF,MF",Bristol Rovers,36,1987,19,7,742,8.2,0,0,0,0,0,0,1,0,0,0,0,0,0,Matches
648,Steven Sessegnon,eng ENG,DF,Wigan Athletic,24,2000,13,12,889,9.9,0,0,0,0,0,0,1,0,0,0,0,0,0,Matches
649,Paik Seung-ho,kr KOR,MF,Birmingham City,27,1997,41,36,"3,292",36.6,1,3,4,1,0,0,1,0,0.03,0.08,0.11,0.03,0.11,Matches
650,Sonny Sharples,,MF,Bolton Wanderers,,,3,1,49,0.5,0,0,0,0,0,0,0,0,0,0,0,0,0,Matches
Rk,Player,Nation,Pos,Squad,Age,Born,MP,Starts,Min,90s,Gls,Ast,G+A,G-PK,PK,PKatt,CrdY,CrdR,Gls,Ast,G+A,G-PK,G+A-PK,Matches
651,Kofi Shaw,,MF,Bristol Rovers,,,15,12,992,11,0,0,0,0,0,0,1,0,0,0,0,0,0,Matches
652,Liam Shaw,eng ENG,MF,Northampton Town,23,2001,8,8,701,7.8,2,0,2,2,0,0,2,0,0.26,0,0.26,0.26,0.26,Matches
653,Josh Sheehan,wls WAL,MF,Bolton Wanderers,29,1995,34,29,"2,499",27.8,3,5,8,3,0,0,8,0,0.11,0.18,0.29,0.11,0.29,Matches
654,Jordan Shipley,ie IRL,MF,Shrewsbury Town,26,1997,33,14,"1,521",16.9,2,2,4,2,0,0,2,0,0.12,0.12,0.24,0.12,0.24,Matches
655,Bolu Shofowoke,,FW,Peterborough United,,,1,0,2,0,0,0,0,0,0,0,0,0,0,0,0,0,0,Matches
656,Tola Showunmi,eng ENG,FW,Crawley Town,24,2000,24,11,"1,007",11.2,4,1,5,4,0,0,3,0,0.36,0.09,0.45,0.36,0.45,Matches
657,Toby Sibbick,ug UGA,DF,Wigan Athletic,25,1999,31,22,"2,000",22.2,0,1,1,0,0,0,5,0,0,0.05,0.05,0,0.05,Matches
658,Louie Sibley,eng ENG,MF,Rotherham United,22,2001,21,16,"1,360",15.1,2,1,3,2,0,0,3,0,0.13,0.07,0.2,0.13,0.2,Matches
659,Sam Silvera,au AUS,MF,Blackpool,23,2000,15,3,454,5,1,1,2,1,0,0,3,0,0.2,0.2,0.4,0.2,0.4,Matches
660,Xavier Simons,eng ENG,MF,Wycombe Wanderers,21,2003,14,12,"1,015",11.3,0,1,1,0,0,0,3,1,0,0.09,0.09,0,0.09,Matches
661,Jack Simpson,eng ENG,DF,Leyton Orient,27,1996,17,10,959,10.7,0,0,0,0,0,0,2,0,0,0,0,0,0,Matches
662,Tyreece Simpson,kn SKN,FW,Stevenage,22,2002,19,7,638,7.1,0,0,0,0,0,0,1,0,0,0,0,0,0,Matches
663,Scott Sinclair,eng ENG,"MF,FW",Bristol Rovers,35,1989,41,20,"1,832",20.4,4,1,5,4,0,0,1,0,0.2,0.05,0.25,0.2,0.25,Matches
664,Declan Skura,eng ENG,DF,Wycombe Wanderers,22,2002,8,5,546,6.1,0,1,1,0,0,0,0,0,0,0.16,0.16,0,0.16,Matches
665,Gaga Slonina,us USA,GK,Barnsley,20,2004,11,11,990,11,0,0,0,0,0,0,0,0,0,0,0,0,0,Matches
666,Thierry Small,eng ENG,"MF,DF",Charlton Athletic,19,2004,39,32,"2,861",31.8,2,3,5,2,0,0,6,0,0.06,0.09,0.16,0.06,0.16,Matches
667,Jackson Smith,eng ENG,GK,Barnsley,22,2001,6,5,389,4.3,0,0,0,0,0,0,0,0,0,0,0,0,0,Matches
668,Jonny Smith,eng ENG,MF,Wigan Athletic,27,1997,36,19,"1,763",19.6,3,5,8,3,0,0,0,0,0.15,0.26,0.41,0.15,0.41,Matches
669,Kane Smith,eng ENG,DF,Stevenage,28,1996,14,13,"1,087",12.1,0,0,0,0,0,0,2,0,0,0,0,0,0,Matches
670,Korey Smith,eng ENG,MF,Cambridge United,33,1991,23,23,"2,024",22.5,1,0,1,1,0,0,6,0,0.04,0,0.04,0.04,0.04,Matches
671,Matthew Smith,eng ENG,MF,Wigan Athletic,23,2000,19,17,"1,305",14.5,1,3,4,1,0,0,4,0,0.07,0.21,0.28,0.07,0.28,Matches
672,Sam Smith,eng ENG,FW,Reading,26,1998,25,24,"2,134",23.7,11,2,13,10,1,1,7,0,0.46,0.08,0.55,0.42,0.51,Matches
673,Sam Smith,eng ENG,FW,Wrexham,26,1998,18,18,"1,527",17,7,0,7,7,0,0,3,0,0.41,0,0.41,0.41,0.41,Matches
674,Scott Smith,wls WAL,MF,Wigan Athletic,23,2001,38,18,"1,925",21.4,0,0,0,0,0,0,12,0,0,0,0,0,0,Matches
675,Ruel Sotiriou,cy CYP,"MF,FW",Bristol Rovers,23,2000,37,32,"2,495",27.7,6,2,8,6,0,0,7,0,0.22,0.07,0.29,0.22,0.29,Matches
Rk,Player,Nation,Pos,Squad,Age,Born,MP,Starts,Min,90s,Gls,Ast,G+A,G-PK,PK,PKatt,CrdY,CrdR,Gls,Ast,G+A,G-PK,G+A-PK,Matches
676,Lino Sousa,eng ENG,"DF,MF",Bristol Rovers,19,2005,25,14,"1,304",14.5,0,2,2,0,0,0,1,0,0,0.14,0.14,0,0.14,Matches
677,Macauley Southam-Hales,wls WAL,"MF,DF",Stockport,28,1996,17,14,"1,227",13.6,3,0,3,3,0,0,3,0,0.22,0,0.22,0.22,0.22,Matches
678,Luke Southwood,nir NIR,GK,Bolton Wanderers,26,1997,20,20,"1,800",20,0,0,0,0,0,0,2,0,0,0,0,0,0,Matches
679,Jack Sowerby,eng ENG,MF,Northampton Town,29,1995,10,8,610,6.8,0,0,0,0,0,0,1,0,0,0,0,0,0,Matches
680,Jack Sparkes,eng ENG,DF,Peterborough United,23,2000,21,18,"1,527",17,0,2,2,0,0,0,3,0,0,0.12,0.12,0,0.12,Matches
681,Shay Spencer,,MF,Reading,,,1,0,11,0.1,0,0,0,0,0,0,0,0,0,0,0,0,0,Matches
682,Jason Sraha,eng ENG,DF,Burton Albion,21,2002,16,12,995,11.1,0,0,0,0,0,0,2,0,0,0,0,0,0,Matches
683,Jay Stansfield,eng ENG,"FW,MF",Birmingham City,21,2002,37,31,"2,683",29.8,19,3,22,10,9,10,7,0,0.64,0.1,0.74,0.34,0.44,Matches
684,Jed Steer,eng ENG,GK,Peterborough United,31,1992,25,25,"2,250",25,0,0,0,0,0,0,1,0,0,0,0,0,0,Matches
685,Jack Stevens,eng ENG,GK,Cambridge United,26,1997,12,11,"1,002",11.1,0,0,0,0,0,0,2,0,0,0,0,0,0,Matches
686,Ben Stevenson,eng ENG,MF,Cambridge United,27,1997,17,11,"1,071",11.9,0,0,0,0,0,0,4,0,0,0,0,0,0,Matches
687,Toby Steward,eng ENG,GK,Crawley Town,19,2005,4,4,360,4,0,0,0,0,0,0,0,0,0,0,0,0,0,Matches
688,Callum Stewart,eng ENG,"FW,MF",Shrewsbury Town,22,2001,15,3,380,4.2,0,1,1,0,0,0,2,0,0,0.24,0.24,0,0.24,Matches
689,Michael Stickland,eng ENG,DF,Reading,21,2002,5,4,345,3.8,0,0,0,0,0,0,2,1,0,0,0,0,0,Matches
690,Joshua Stokes,,MF,Cambridge United,,,32,26,"2,355",26.2,7,2,9,5,2,3,4,0,0.27,0.08,0.34,0.19,0.27,Matches
691,Josh Stones,eng ENG,FW,Wigan Athletic,20,2003,3,0,76,0.8,0,0,0,0,0,0,0,0,0,0,0,0,0,Matches
692,Robert Street,eng ENG,"FW,MF",Lincoln City,22,2001,6,0,57,0.6,0,0,0,0,0,0,0,0,0,0,0,0,0,Matches
693,Jack Stretton,eng ENG,FW,Burton Albion,22,2001,3,0,45,0.5,0,1,1,0,0,0,0,0,0,2,2,0,2,Matches
694,Jack Stretton,eng ENG,FW,Stockport,22,2001,2,0,36,0.4,0,0,0,0,0,0,0,0,0,0,0,0,0,Matches
695,Ronnie Stutter,eng ENG,FW,Burton Albion,19,2005,1,0,19,0.2,0,0,0,0,0,0,0,0,0,0,0,0,0,Matches
696,Mahamadou Susoho,es ESP,MF,Peterborough United,19,2005,15,7,670,7.4,1,0,1,1,0,0,2,0,0.13,0,0.13,0.13,0.13,Matches
697,Will Swan,eng ENG,"FW,MF",Crawley Town,23,2000,37,31,"2,414",26.8,7,3,10,7,0,0,1,0,0.26,0.11,0.37,0.26,0.37,Matches
698,Will Swan,eng ENG,FW,Mansfield Town,23,2000,1,0,16,0.2,0,0,0,0,0,0,0,0,0,0,0,0,0,Matches
699,Dan Sweeney,eng ENG,DF,Stevenage,30,1994,21,14,"1,236",13.7,1,1,2,1,0,0,3,0,0.07,0.07,0.15,0.07,0.15,Matches
700,Jayden Sweeney,eng ENG,DF,Leyton Orient,22,2001,19,9,876,9.7,1,0,1,1,0,0,4,0,0.1,0,0.1,0.1,0.1,Matches
Rk,Player,Nation,Pos,Squad,Age,Born,MP,Starts,Min,90s,Gls,Ast,G+A,G-PK,PK,PKatt,CrdY,CrdR,Gls,Ast,G+A,G-PK,G+A-PK,Matches
701,Pierce Sweeney,ie IRL,DF,Exeter City,29,1994,18,18,"1,608",17.9,0,1,1,0,0,0,4,0,0,0.06,0.06,0,0.06,Matches
702,Ryan Sweeney,ie IRL,DF,Burton Albion,27,1997,42,42,"3,708",41.2,2,2,4,2,0,0,4,0,0.05,0.05,0.1,0.05,0.1,Matches
703,Sil Swinkels,nl NED,DF,Bristol Rovers,20,2004,14,10,884,9.8,2,0,2,2,0,0,2,0,0.2,0,0.2,0.2,0.2,Matches
704,Chris Sze,eng ENG,"MF,FW",Wigan Athletic,20,2003,12,2,323,3.6,1,0,1,1,0,0,1,0,0.28,0,0.28,0.28,0.28,Matches
705,Lasse Sørensen,dk DEN,"MF,DF",Huddersfield Town,24,1999,32,22,"2,058",22.9,0,3,3,0,0,0,3,0,0,0.13,0.13,0,0.13,Matches
706,Ryan Tafazolli,eng ENG,DF,Wycombe Wanderers,32,1991,1,1,57,0.6,0,0,0,0,0,0,1,0,0,0,0,0,0,Matches
707,Benjamin Tanimu,ng NGA,DF,Crawley Town,22,2002,7,1,161,1.8,0,0,0,0,0,0,0,0,0,0,0,0,0,Matches
708,Josh Taroi,,DF,Burton Albion,,,2,0,5,0.1,0,0,0,0,0,0,0,0,0,0,0,0,0,Matches
709,Fabio Tavares,eng ENG,FW,Burton Albion,23,2001,10,1,191,2.1,2,1,3,2,0,0,0,0,0.94,0.47,1.41,0.94,1.41,Matches
710,Caleb Taylor,eng ENG,DF,Wycombe Wanderers,21,2003,36,35,"3,175",35.3,3,0,3,3,0,0,4,0,0.09,0,0.09,0.09,0.09,Matches
711,Connor Taylor,eng ENG,DF,Bristol Rovers,22,2001,42,38,"3,504",38.9,1,1,2,1,0,0,4,0,0.03,0.03,0.05,0.03,0.05,Matches
712,Dale Taylor,nir NIR,FW,Wigan Athletic,20,2003,43,36,"3,352",37.2,10,7,17,9,1,1,3,0,0.27,0.19,0.46,0.24,0.43,Matches
713,Joseph Taylor,wls WAL,"FW,MF",Huddersfield Town,21,2002,15,8,646,7.2,2,0,2,2,0,0,2,0,0.28,0,0.28,0.28,0.28,Matches
714,Terry Taylor,sct SCO,MF,Charlton Athletic,23,2001,8,6,516,5.7,0,0,0,0,0,0,1,0,0,0,0,0,0,Matches
715,Terry Taylor,sct SCO,MF,Northampton Town,23,2001,19,19,"1,679",18.7,1,2,3,1,0,0,5,0,0.05,0.11,0.16,0.05,0.16,Matches
716,Luke Thomas,eng ENG,MF,Bristol Rovers,25,1999,36,20,"1,917",21.3,2,4,6,2,0,0,6,0,0.09,0.19,0.28,0.09,0.28,Matches
717,Silko Thomas,eng ENG,MF,Wigan Athletic,20,2004,24,20,"1,543",17.1,0,2,2,0,0,0,2,0,0,0.12,0.12,0,0.12,Matches
718,George Thomason,eng ENG,MF,Bolton Wanderers,22,2002,38,35,"3,040",33.8,4,3,7,4,0,0,11,0,0.12,0.09,0.21,0.12,0.21,Matches
719,Ben Thompson,eng ENG,MF,Stevenage,28,1995,1,0,1,0,0,0,0,0,0,0,0,0,0,0,0,0,0,Matches
720,Dominic Thompson,eng ENG,"DF,MF",Blackpool,24,2000,3,0,38,0.4,0,0,0,0,0,0,0,0,0,0,0,0,0,Matches
721,Louis Thompson,wls WAL,MF,Stevenage,29,1994,40,34,"3,008",33.4,2,2,4,2,0,0,12,1,0.06,0.06,0.12,0.06,0.12,Matches
722,Nathan Thompson,eng ENG,DF,Stevenage,33,1990,15,14,"1,174",13,0,0,0,0,0,0,2,0,0,0,0,0,0,Matches
723,Sam Tickle,eng ENG,GK,Wigan Athletic,22,2002,46,46,"4,140",46,0,0,0,0,0,0,4,0,0,0,0,0,0,Matches
724,Christ Tiéhi,ci CIV,MF,Rotherham United,26,1998,16,13,"1,113",12.4,0,2,2,0,0,0,3,0,0,0.16,0.16,0,0.16,Matches
725,Eoin Toal,nir NIR,DF,Bolton Wanderers,25,1999,19,18,"1,548",17.2,2,2,4,2,0,0,2,0,0.12,0.12,0.23,0.12,0.23,Matches
Rk,Player,Nation,Pos,Squad,Age,Born,MP,Starts,Min,90s,Gls,Ast,G+A,G-PK,PK,PKatt,CrdY,CrdR,Gls,Ast,G+A,G-PK,G+A-PK,Matches
726,Ibou Touray,gm GAM,"MF,DF",Stockport,29,1994,43,38,"3,270",36.3,0,3,3,0,0,0,9,0,0,0.08,0.08,0,0.08,Matches
727,Ryan Trevitt,eng ENG,MF,Exeter City,21,2003,11,10,886,9.8,1,0,1,1,0,0,1,0,0.1,0,0.1,0.1,0.1,Matches
728,Connal Trueman,eng ENG,GK,Crawley Town,28,1996,4,4,360,4,0,0,0,0,0,0,0,0,0,0,0,0,0,Matches
729,Basil Tuma,mt MLT,FW,Reading,18,2006,4,0,42,0.5,0,0,0,0,0,0,0,0,0,0,0,0,0,Matches
730,Ed Turns,wls WAL,DF,Exeter City,21,2002,13,13,"1,099",12.2,0,0,0,0,0,0,2,0,0,0,0,0,0,Matches
731,Oliver Turton,eng ENG,"MF,DF",Huddersfield Town,31,1992,28,18,"1,854",20.6,1,0,1,1,0,0,2,0,0.05,0,0.05,0.05,0.05,Matches
732,Harry Tyrer,eng ENG,GK,Blackpool,22,2001,38,38,"3,420",38,0,0,0,0,0,0,5,0,0,0,0,0,0,Matches
733,Nik Tzanev,nz NZL,GK,Northampton Town,27,1996,17,16,"1,459",16.2,0,0,0,0,0,0,0,0,0,0,0,0,0,Matches
734,Daniel Udoh,ng NGA,"FW,MF",Wycombe Wanderers,27,1996,41,27,"2,493",27.7,9,3,12,9,0,0,2,0,0.32,0.11,0.43,0.32,0.43,Matches
735,Terence Vancooten,gy GUY,DF,Burton Albion,26,1997,30,29,"2,523",28,1,0,1,1,0,0,7,3,0.04,0,0.04,0.04,0.04,Matches
736,Caylon Vickers,eng ENG,"FW,MF",Mansfield Town,19,2004,19,14,"1,229",13.7,2,3,5,2,0,0,2,0,0.15,0.22,0.37,0.15,0.37,Matches
737,Sam Vokes,wls WAL,FW,Wycombe Wanderers,34,1989,7,0,49,0.5,2,0,2,2,0,0,0,0,3.67,0,3.67,3.67,3.67,Matches
738,Martyn Waghorn,eng ENG,"FW,MF",Northampton Town,34,1990,6,0,101,1.1,0,0,0,0,0,0,1,0,0,0,0,0,0,Matches
739,Ben Waine,nz NZL,FW,Mansfield Town,23,2001,25,2,457,5.1,2,0,2,2,0,0,1,0,0.39,0,0.39,0.39,0.39,Matches
740,Oscar Wallin,se SWE,DF,Peterborough United,23,2001,34,32,"2,815",31.3,0,0,0,0,0,0,6,0,0,0,0,0,0,Matches
741,Danny Ward,eng ENG,FW,Huddersfield Town,32,1991,13,9,615,6.8,0,1,1,0,0,0,0,1,0,0.15,0.15,0,0.15,Matches
742,Grant Ward,eng ENG,MF,Bristol Rovers,29,1994,35,22,"1,850",20.6,1,4,5,1,0,0,1,0,0.05,0.19,0.24,0.05,0.24,Matches
743,Jed Ward,eng ENG,GK,Bristol Rovers,21,2003,18,18,"1,620",18,0,0,0,0,0,0,1,0,0,0,0,0,0,Matches
744,Jayden Wareham,eng ENG,FW,Reading,21,2003,37,15,"1,526",17,5,1,6,5,0,0,2,0,0.29,0.06,0.35,0.29,0.35,Matches
745,Lewis Warrington,eng ENG,MF,Leyton Orient,21,2002,8,4,248,2.8,0,0,0,0,0,0,1,0,0,0,0,0,0,Matches
746,Louie Watson,ie IRL,MF,Crawley Town,23,2001,7,4,320,3.6,0,0,0,0,0,0,1,0,0,0,0,0,0,Matches
747,Tennai Watson,eng ENG,"MF,DF",Charlton Athletic,27,1997,16,6,501,5.6,0,1,1,0,0,0,1,0,0,0.18,0.18,0,0.18,Matches
748,Elliot Watt,sct SCO,MF,Burton Albion,24,2000,25,24,"2,170",24.1,0,4,4,0,0,0,6,0,0,0.17,0.17,0,0.17,Matches
749,Max Watters,eng ENG,FW,Barnsley,25,1999,30,18,"1,401",15.6,5,2,7,5,0,0,0,0,0.32,0.13,0.45,0.32,0.45,Matches
750,Caleb Watts,au AUS,MF,Exeter City,22,2002,31,20,"1,541",17.1,4,1,5,4,0,0,12,1,0.23,0.06,0.29,0.23,0.29,Matches
Rk,Player,Nation,Pos,Squad,Age,Born,MP,Starts,Min,90s,Gls,Ast,G+A,G-PK,PK,PKatt,CrdY,CrdR,Gls,Ast,G+A,G-PK,G+A-PK,Matches
751,Kelland Watts,eng ENG,DF,Cambridge United,24,1999,29,26,"2,290",25.4,0,2,2,0,0,0,3,0,0,0.08,0.08,0,0.08,Matches
752,Charlie Webster,eng ENG,MF,Burton Albion,20,2004,32,26,"2,139",23.8,5,0,5,5,0,0,5,2,0.21,0,0.21,0.21,0.21,Matches
753,Jensen Weir,sct SCO,"MF,FW",Wigan Athletic,22,2002,33,24,"1,970",21.9,0,1,1,0,0,0,6,1,0,0.05,0.05,0,0.05,Matches
754,Magnus Westergaard,dk DEN,MF,Wycombe Wanderers,26,1998,5,0,62,0.7,0,0,0,0,0,0,0,0,0,0,0,0,0,Matches
755,David Wheeler,eng ENG,MF,Wycombe Wanderers,33,1990,5,1,97,1.1,0,0,0,0,0,0,0,0,0,0,0,0,0,Matches
756,David Wheeler,eng ENG,"MF,FW",Shrewsbury Town,33,1990,10,4,458,5.1,0,0,0,0,0,0,1,0,0,0,0,0,0,Matches
757,Harvey White,eng ENG,MF,Stevenage,22,2001,41,23,"2,265",25.2,2,3,5,1,1,1,5,0,0.08,0.12,0.2,0.04,0.16,Matches
758,Ben Whitfield,eng ENG,MF,Burton Albion,28,1996,23,13,"1,240",13.8,1,3,4,1,0,0,1,0,0.07,0.22,0.29,0.07,0.29,Matches
759,Joseph Whitworth,eng ENG,GK,Exeter City,20,2004,46,46,"4,140",46,0,1,1,0,0,0,4,0,0,0.02,0.02,0,0.02,Matches
760,George Wickens,eng ENG,GK,Lincoln City,22,2001,36,36,"3,224",35.8,0,0,0,0,0,0,4,0,0,0,0,0,0,Matches
761,Luther Wildin,ag ATG,DF,Stevenage,26,1997,29,29,"2,610",29,0,2,2,0,0,0,3,0,0,0.07,0.07,0,0.07,Matches
762,Ben Wiles,eng ENG,MF,Huddersfield Town,25,1999,45,39,"3,418",38,8,5,13,8,0,0,1,0,0.21,0.13,0.34,0.21,0.34,Matches
763,Mallik Wilks,eng ENG,"FW,MF",Rotherham United,25,1998,41,39,"3,287",36.5,9,4,13,8,1,1,10,0,0.25,0.11,0.36,0.22,0.33,Matches
764,Dylan Williams,eng ENG,"MF,DF",Burton Albion,20,2003,26,15,"1,475",16.4,1,2,3,1,0,0,3,0,0.06,0.12,0.18,0.06,0.18,Matches
765,George Williams,eng ENG,DF,Mansfield Town,31,1993,11,8,640,7.1,0,0,0,0,0,0,1,0,0,0,0,0,0,Matches
766,Jay Williams,kn SKN,MF,Crawley Town,23,2000,12,12,"1,030",11.4,0,0,0,0,0,0,6,0,0,0,0,0,0,Matches
767,Randell Williams,eng ENG,MF,Bolton Wanderers,27,1996,16,7,745,8.3,1,2,3,1,0,0,7,0,0.12,0.24,0.36,0.12,0.36,Matches
768,Randell Williams,eng ENG,MF,Leyton Orient,27,1996,14,12,986,11,2,1,3,2,0,0,1,0,0.18,0.09,0.27,0.18,0.27,Matches
769,Jordan Willis,eng ENG,DF,Northampton Town,29,1994,15,11,817,9.1,0,0,0,0,0,0,0,0,0,0,0,0,0,Matches
770,James Wilson,wls WAL,DF,Bristol Rovers,35,1989,46,46,"4,140",46,2,2,4,2,0,0,9,0,0.04,0.04,0.09,0.04,0.09,Matches
771,James Wilson,eng ENG,"FW,MF",Northampton Town,28,1995,9,0,141,1.6,0,0,0,0,0,0,0,0,0,0,0,0,0,Matches
772,Carl Winchester,nir NIR,MF,Shrewsbury Town,31,1993,15,12,"1,038",11.5,1,0,1,1,0,0,3,0,0.09,0,0.09,0.09,0.09,Matches
773,Lewis Wing,eng ENG,MF,Reading,29,1995,46,46,"4,140",46,9,7,16,9,0,0,5,0,0.2,0.15,0.35,0.2,0.35,Matches
774,Jojo Wollacott,gh GHA,GK,Crawley Town,27,1996,33,33,"2,970",33,0,0,0,0,0,0,3,0,0,0,0,0,0,Matches
775,Ryan Woods,eng ENG,MF,Exeter City,30,1993,37,26,"2,617",29.1,2,1,3,2,0,0,11,1,0.07,0.03,0.1,0.07,0.1,Matches
Rk,Player,Nation,Pos,Squad,Age,Born,MP,Starts,Min,90s,Gls,Ast,G+A,G-PK,PK,PKatt,CrdY,CrdR,Gls,Ast,G+A,G-PK,G+A-PK,Matches
776,Kyle Wootton,eng ENG,FW,Stockport,27,1996,46,40,"3,595",39.9,11,7,18,11,0,0,3,0,0.28,0.18,0.45,0.28,0.45,Matches
777,Scott Wright,sct SCO,MF,Birmingham City,26,1997,13,3,441,4.9,1,0,1,1,0,0,0,0,0.2,0,0.2,0.2,0.2,Matches
778,Gassan Yahyai,ma MAR,FW,Charlton Athletic,24,2000,19,11,837,9.3,1,1,2,1,0,0,1,0,0.11,0.11,0.22,0.11,0.22,Matches
779,Johnly Yfeko,eng ENG,DF,Exeter City,21,2003,12,11,995,11.1,0,1,1,0,0,0,4,0,0,0.09,0.09,0,0.09,Matches
780,Andy Yiadom,gh GHA,DF,Reading,32,1991,14,4,495,5.5,0,0,0,0,0,0,3,0,0,0,0,0,0,Matches
781,Vimal Yoganathan,wls WAL,MF,Barnsley,18,2006,5,1,111,1.2,0,0,0,0,0,0,1,0,0,0,0,0,0,Matches
782,Tony Yogane,eng ENG,MF,Exeter City,18,2005,18,5,725,8.1,0,2,2,0,0,0,0,0,0,0.25,0.25,0,0.25,Matches
783,Ayumu Yokoyama,jp JPN,MF,Birmingham City,21,2003,10,0,169,1.9,0,1,1,0,0,0,0,0,0,0.53,0.53,0,0.53,Matches
784,Jake Young,eng ENG,"FW,MF",Stevenage,23,2001,29,11,918,10.2,4,0,4,4,0,0,0,0,0.39,0,0.39,0.39,0.39,Matches
785,Willum Þór Willumsson,is ISL,MF,Birmingham City,25,1998,41,36,"3,058",34,6,6,12,6,0,0,0,0,0.18,0.18,0.35,0.18,0.35,Matches
