"number";"player";"team";"apps";"min";"goals";"NPG";"a";"xG";"NPxG";"xA";"xGChain";"xGBuildup";"xG90";"NPxG90";"xA90";"xG90xA90";"NPxG90xA90";"xGChain90";"xGBuildup90"
1;"Mateo Retegui";"Atalanta";36;2435;25;21;8;23.06;19.25;5.46;26.74;7.06;0.85;0.71;0.2;1.05;0.91;0.99;0.26
2;"Moise Kean";"Fiorentina";32;2722;19;18;3;21.89;20.37;2.32;22.37;2.27;0.72;0.67;0.08;0.8;0.75;0.74;0.08
3;"Ademola Lookman";"Atalanta";31;2295;15;14;5;13.81;13.05;8.89;24.82;8.26;0.54;0.51;0.35;0.89;0.86;0.97;0.32
4;"Riccardo Orsolini";"Bologna";30;1914;15;12;4;10.36;8.07;4.65;13.58;3.47;0.49;0.38;0.22;0.71;0.6;0.64;0.16
5;"Romelu Lukaku";"Napoli";36;2913;14;11;10;13.29;10.25;4.24;16.94;4.89;0.41;0.32;0.13;0.54;0.45;0.52;0.15
6;"Marcus Thuram";"Inter";32;2316;14;14;4;12.12;12.12;4.55;20.55;6.45;0.47;0.47;0.18;0.65;0.65;0.8;0.25
7;"Scott McTominay";"Napoli";34;2938;12;12;4;8.86;8.86;2.84;17.02;7.91;0.27;0.27;0.09;0.36;0.36;0.52;0.24
8;"Lautaro Martínez";"Inter";31;2605;12;12;3;14.97;14.97;5.21;20.42;4.46;0.52;0.52;0.18;0.7;0.7;0.71;0.15
9;"Artem Dovbyk";"Roma";32;2454;12;10;2;14.35;12.83;2.92;14.93;3.34;0.53;0.47;0.11;0.63;0.58;0.55;0.12
10;"Lorenzo Lucca";"Udinese";33;2369;12;11;1;9.25;8.49;1.42;9.29;1.94;0.35;0.32;0.05;0.41;0.38;0.35;0.07
11;"Christian Pulisic";"AC Milan";34;2518;11;8;9;11.68;8.63;7.22;21.97;9.79;0.42;0.31;0.26;0.68;0.57;0.79;0.35
12;"Nikola Krstovic";"Lecce";37;3096;11;9;5;12.19;9.91;3.57;13.79;3.11;0.35;0.29;0.1;0.46;0.39;0.4;0.09
13;"Pedro";"Lazio";30;1057;10;8;1;6.39;4.87;1.44;10.31;4.81;0.54;0.41;0.12;0.67;0.54;0.88;0.41
14;"Andrea Pinamonti";"Genoa";36;2886;10;10;1;7.93;7.17;1.84;12.4;4.71;0.25;0.22;0.06;0.3;0.28;0.39;0.15
15;"Dusan Vlahovic";"Juventus";29;1793;10;6;4;15.1;12.05;1.74;16.02;3.58;0.76;0.6;0.09;0.85;0.69;0.8;0.18
16;"Roberto Piccoli";"Cagliari";37;3180;10;9;1;17.92;17.15;1.15;18.12;2.08;0.51;0.49;0.03;0.54;0.52;0.51;0.06
17;"Valentín Castellanos";"Lazio";29;2407;10;8;3;16.13;13.85;3.63;19.23;5.09;0.6;0.52;0.14;0.74;0.65;0.72;0.19
18;"Tijjani Reijnders";"AC Milan";37;3136;10;10;4;8.07;8.07;4.99;25.9;16.79;0.23;0.23;0.14;0.37;0.37;0.74;0.48
19;"Boulaye Dia";"Lazio";35;2220;9;9;3;6.9;6.9;4.61;14.7;6.05;0.28;0.28;0.19;0.47;0.47;0.6;0.25
20;"Che Adams";"Torino";36;2650;9;9;3;9.51;8.75;2.18;12.42;3.58;0.32;0.3;0.07;0.4;0.37;0.42;0.12
21;"Florian Thauvin";"Udinese";25;2010;8;7;3;9.34;7.05;4.88;12.18;4.75;0.42;0.32;0.22;0.64;0.53;0.55;0.21
22;"Mattia Zaccagni";"Lazio";34;2750;8;6;6;6.88;5.35;5.22;16.11;9;0.23;0.18;0.17;0.4;0.35;0.53;0.29
23;"Randal Kolo Muani";"Juventus";16;1175;8;7;1;4.81;4.05;1.42;6.1;1.36;0.37;0.31;0.11;0.48;0.42;0.47;0.1
24;"Rafael Leão";"AC Milan";34;2329;8;8;8;8.67;8.67;7.55;19.98;9.71;0.34;0.34;0.29;0.63;0.63;0.77;0.38
25;"Sebastiano Esposito";"Empoli";33;2370;8;7;0;6.24;4.72;2.36;9.8;4.87;0.24;0.18;0.09;0.33;0.27;0.37;0.18
26;"Dan Ndoye";"Bologna";30;2166;8;6;4;8.56;7.03;4.08;13.29;3.76;0.36;0.29;0.17;0.53;0.46;0.55;0.16
27;"Assane Diao";"Como";15;1268;8;8;1;3.52;3.52;0.78;7.25;3.66;0.25;0.25;0.06;0.31;0.31;0.51;0.26
28;"Santiago Castro";"Bologna";36;2313;8;8;4;8.54;7.77;3.13;12.77;4.18;0.33;0.3;0.12;0.45;0.42;0.5;0.16
29;"Patrick Cutrone";"Como";33;2058;7;7;4;8.81;8.04;2.89;10.93;2.34;0.39;0.35;0.13;0.51;0.48;0.48;0.1
30;"Alexis Saelemaekers";"AC Milan,Roma";23;1510;7;7;3;3.07;3.07;3;12.42;8.64;0.18;0.18;0.18;0.36;0.36;0.74;0.51
31;"Denzel Dumfries";"Inter";29;1929;7;7;2;6.13;6.13;3.69;13.07;5.05;0.29;0.29;0.17;0.46;0.46;0.61;0.24
32;"Charles De Ketelaere";"Atalanta";36;2092;7;7;7;9.46;9.46;6.69;21.81;11.47;0.41;0.41;0.29;0.69;0.69;0.94;0.49
33;"Kenan Yildiz";"Juventus";35;2414;7;7;4;4.91;4.91;5.66;13.8;5.86;0.18;0.18;0.21;0.39;0.39;0.51;0.22
34;"Paulo Dybala";"Roma";24;1431;6;3;3;7.1;4.81;6.23;12.77;7.27;0.45;0.3;0.39;0.84;0.69;0.8;0.46
35;"Joel Pohjanpalo";"Venezia";20;1635;6;3;0;7.44;4.4;1.74;6.82;1.48;0.41;0.24;0.1;0.51;0.34;0.38;0.08
36;"Franck Zambo";"Napoli";35;2862;6;6;4;5.06;5.06;2.63;14.76;9.68;0.16;0.16;0.08;0.24;0.24;0.46;0.3
37;"Jens Odgaard";"Bologna";29;1987;6;6;1;5.31;5.31;2.58;10.97;3.65;0.24;0.24;0.12;0.36;0.36;0.5;0.17
38;"Giacomo Raspadori";"Napoli";26;1110;6;6;1;5.08;5.08;2.19;8.42;2.63;0.41;0.41;0.18;0.59;0.59;0.68;0.21
39;"Gabriel Strefezza";"Como";37;2648;6;6;4;3.99;3.99;4.32;10.79;4.15;0.14;0.14;0.15;0.28;0.28;0.37;0.14
40;"Daniel Maldini";"Atalanta,Monza";30;1574;6;6;0;6.71;6.71;1.7;9.63;2.19;0.38;0.38;0.1;0.48;0.48;0.55;0.13
41;"Lorenzo Colombo";"Empoli";37;2254;6;5;2;6.49;5.73;2.66;12.39;4.72;0.26;0.23;0.11;0.37;0.34;0.49;0.19
42;"Nadir Zortea";"Cagliari";35;2749;6;6;2;2.93;2.93;3.84;11.55;5.95;0.1;0.1;0.13;0.22;0.22;0.38;0.19
43;"Albert Gudmundsson";"Fiorentina";24;1284;6;4;1;4.85;3.32;1.83;7.44;3.08;0.34;0.23;0.13;0.47;0.36;0.52;0.22
44;"Nico Paz";"Como";35;2704;6;6;8;9.96;9.2;5.48;16.97;5.57;0.33;0.31;0.18;0.51;0.49;0.56;0.19
45;"Ange-Yoan Bonny";"Parma Calcio 1913";37;2580;6;4;4;8.87;6.59;4.27;11.49;2.43;0.31;0.23;0.15;0.46;0.38;0.4;0.08
46;"Casper Tengstedt";"Verona";25;1552;6;5;1;5.57;4.81;1.26;7.14;1.77;0.32;0.28;0.07;0.4;0.35;0.41;0.1
47;"Hakan Calhanoglu";"Inter";29;1999;5;2;6;4.41;1.37;7.05;13.45;11.18;0.2;0.06;0.32;0.52;0.38;0.61;0.5
48;"Álvaro Morata";"AC Milan";16;1110;5;5;0;4.82;4.82;0.96;7.89;3.08;0.39;0.39;0.08;0.47;0.47;0.64;0.25
49;"Milan Djuric";"Monza,Parma Calcio 1913";27;1522;5;5;1;4.08;4.08;0.84;4.49;0.31;0.24;0.24;0.05;0.29;0.29;0.27;0.02
50;"Davide Frattesi";"Inter";28;1194;5;5;1;5.32;5.32;1.1;8.43;2.83;0.4;0.4;0.08;0.48;0.48;0.64;0.21
51;"Robin Gosens";"Fiorentina";32;2544;5;5;5;2.42;2.42;2.94;11.14;7.04;0.09;0.09;0.1;0.19;0.19;0.39;0.25
52;"Nikola Vlasic";"Torino";30;2127;5;3;4;3.39;1.86;2.64;7.9;4.79;0.14;0.08;0.11;0.26;0.19;0.33;0.2
53;"Timothy Weah";"Juventus";30;1636;5;5;2;3.73;3.73;2;9.21;5.05;0.21;0.21;0.11;0.31;0.31;0.51;0.28
54;"Khvicha Kvaratskhelia";"Napoli";17;1201;5;4;3;4.2;3.43;3.71;8.85;3.66;0.31;0.26;0.28;0.59;0.54;0.66;0.27
55;"Matìas Soulè Malvano";"Roma";27;1807;5;5;5;3.7;3.7;6.45;14.14;6.34;0.18;0.18;0.32;0.51;0.51;0.7;0.32
56;"Dany Mota";"Monza";31;2121;5;5;2;4.94;4.94;1.96;9.05;3.24;0.21;0.21;0.08;0.29;0.29;0.38;0.14
57;"Lucas Beltrán";"Fiorentina";33;1965;5;3;4;6.05;3.77;2.94;12.85;7.15;0.28;0.17;0.13;0.41;0.31;0.59;0.33
58;"Daniel Mosquera";"Verona";35;1334;5;5;1;7.17;7.17;1.86;10.49;3.7;0.48;0.48;0.13;0.61;0.61;0.71;0.25
59;"Jacob Ondrejka";"Parma Calcio 1913";12;408;5;5;0;1.35;1.35;1.16;2.62;1.2;0.3;0.3;0.26;0.55;0.55;0.58;0.26
60;"Santiago Giménez";"AC Milan";14;665;5;5;2;4.46;3.7;1.69;5.89;1.03;0.6;0.5;0.23;0.83;0.73;0.8;0.14
61;"Marko Arnautovic";"Inter";18;531;4;4;2;4.48;4.48;1;4.68;1.47;0.76;0.76;0.17;0.93;0.93;0.79;0.25
62;"Bryan Cristante";"Roma";30;2046;4;4;2;2.45;2.45;1.72;10.65;8.62;0.11;0.11;0.08;0.18;0.18;0.47;0.38
63;"Davide Zappacosta";"Atalanta";30;2102;4;4;2;3.03;3.03;2.93;11.4;7.71;0.13;0.13;0.13;0.26;0.26;0.49;0.33
64;"Federico Dimarco";"Inter";33;2214;4;4;7;4.16;4.16;7.33;15.37;7.95;0.17;0.17;0.3;0.47;0.47;0.62;0.32
65;"Marten de Roon";"Atalanta";36;3060;4;4;4;1.26;1.26;2.75;20.36;18.28;0.04;0.04;0.08;0.12;0.12;0.6;0.54
66;"Theo Hernández";"AC Milan";33;2698;4;4;3;3.17;2.41;5.34;16.7;14.54;0.11;0.08;0.18;0.28;0.26;0.56;0.49
67;"Rolando Mandragora";"Fiorentina";29;1940;4;3;3;2.28;1.52;3.92;7.94;5.2;0.11;0.07;0.18;0.29;0.25;0.37;0.24
68;"Eldor Shomurodov";"Roma";27;1082;4;4;4;5.65;5.65;1.87;7.13;1.6;0.47;0.47;0.16;0.63;0.63;0.59;0.13
69;"Adam Marusic";"Lazio";35;2336;4;4;0;2.18;2.18;0.61;7.72;6.36;0.08;0.08;0.02;0.11;0.11;0.3;0.24
70;"Enrico Del Prato";"Parma Calcio 1913";34;2944;4;4;0;1.97;1.97;1.28;8.78;7.23;0.06;0.06;0.04;0.1;0.1;0.27;0.22
71;"Yacine Adli";"Fiorentina";26;1246;4;4;6;0.9;0.9;3.48;6.73;4.39;0.07;0.07;0.25;0.32;0.32;0.49;0.32
72;"Kephren Thuram";"Juventus";35;2331;4;4;5;3.53;3.53;4.68;15.06;9.89;0.14;0.14;0.18;0.32;0.32;0.58;0.38
73;"Marco Brescianini";"Atalanta";29;959;4;4;2;4.4;4.4;1.24;7.27;2.32;0.41;0.41;0.12;0.53;0.53;0.68;0.22
74;"Hans Nicolussi Caviglia";"Venezia";35;2883;4;4;2;2.24;2.24;2.81;6.24;4.33;0.07;0.07;0.09;0.16;0.16;0.19;0.14
75;"Eljif Elmas";"Torino";13;1032;4;4;0;1.38;1.38;0.54;3.8;2.11;0.12;0.12;0.05;0.17;0.17;0.33;0.18
76;"Simon Sohm";"Parma Calcio 1913";37;3015;4;4;0;4.35;4.35;2.63;15.72;9.8;0.13;0.13;0.08;0.21;0.21;0.47;0.29
77;"Dennis Man";"Parma Calcio 1913";33;1997;4;4;4;7;7;4.65;12.55;3.32;0.32;0.32;0.21;0.53;0.53;0.57;0.15
78;"Jacopo Fazzini";"Empoli";20;1403;4;4;1;3.69;3.69;1.09;6.92;2.65;0.24;0.24;0.07;0.31;0.31;0.44;0.17
79;"Éderson";"Atalanta";37;2898;4;4;1;4.34;4.34;5.69;22.29;16.02;0.13;0.13;0.18;0.31;0.31;0.69;0.5
80;"Amin Sarr";"Verona";32;1940;4;4;1;4.79;4.79;2.12;8.29;2.34;0.22;0.22;0.1;0.32;0.32;0.38;0.11
81;"Gustav Isaksen";"Lazio";37;2254;4;4;2;5.24;5.24;3.08;12.2;6;0.21;0.21;0.12;0.33;0.33;0.49;0.24
82;"Santiago Pierotti";"Lecce";36;1963;4;4;2;4.26;4.26;2.86;7.33;1.79;0.2;0.2;0.13;0.33;0.33;0.34;0.08
83;"Matteo Darmian";"Inter";29;1781;3;3;2;2.3;2.3;1.4;9.96;6.82;0.12;0.12;0.07;0.19;0.19;0.5;0.34
84;"Tammy Abraham";"AC Milan,Roma";29;1174;3;2;4;7.74;6.22;2.49;9.9;2.16;0.59;0.48;0.19;0.78;0.67;0.76;0.17
85;"Mario Pasalic";"Atalanta";34;1973;3;3;4;7.04;6.28;3.97;19.13;11.96;0.32;0.29;0.18;0.5;0.47;0.87;0.55
86;"Duván Zapata";"Torino";7;597;3;3;0;3.21;3.21;0.58;4.07;0.7;0.48;0.48;0.09;0.57;0.57;0.61;0.11
87;"Gianluca Caprari";"Monza";34;1644;3;1;2;3.86;2.34;2.09;6.64;3.31;0.21;0.13;0.11;0.33;0.24;0.36;0.18
88;"Danilo Cataldi";"Fiorentina";25;1762;3;3;0;0.79;0.79;0.59;7.41;6.71;0.04;0.04;0.03;0.07;0.07;0.38;0.34
89;"Leandro Paredes";"Roma";22;1370;3;1;1;2.16;0.63;1.66;10.67;9.5;0.14;0.04;0.11;0.25;0.15;0.7;0.62
90;"Stephan El Shaarawy";"Roma";31;1075;3;3;4;2.97;2.97;1.22;8.56;5.53;0.25;0.25;0.1;0.35;0.35;0.72;0.46
91;"Nicolò Barella";"Inter";33;2485;3;3;6;2.02;2.02;4.79;14.61;11.28;0.07;0.07;0.17;0.25;0.25;0.53;0.41
92;"Matteo Politano";"Napoli";37;2881;3;3;4;3.65;3.65;6.11;14.72;9.3;0.11;0.11;0.19;0.3;0.3;0.46;0.29
93;"Stefan de Vrij";"Inter";26;1719;3;3;0;1.87;1.87;0.06;8.95;8.35;0.1;0.1;0;0.1;0.1;0.47;0.44
94;"Pietro Pellegri";"Empoli";11;411;3;3;0;0.52;0.52;0.61;1.55;0.51;0.11;0.11;0.13;0.25;0.25;0.34;0.11
95;"Hernani";"Parma Calcio 1913";25;1330;3;0;3;2.77;0.48;2.09;3.77;2.65;0.19;0.03;0.14;0.33;0.17;0.25;0.18
96;"Nicolas Viola";"Cagliari";27;1293;3;3;1;3.04;3.04;3.01;5.71;2.68;0.21;0.21;0.21;0.42;0.42;0.4;0.19
97;"Yann Bisseck";"Inter";27;1646;3;3;2;2.45;2.45;1.47;9.75;8.01;0.13;0.13;0.08;0.21;0.21;0.53;0.44
98;"Giovanni Di Lorenzo";"Napoli";37;3330;3;3;2;3.56;3.56;4.06;13.79;11.08;0.1;0.1;0.11;0.21;0.21;0.37;0.3
99;"Nicolás González";"Juventus";26;1789;3;3;2;4.39;4.39;1.32;7.83;3.53;0.22;0.22;0.07;0.29;0.29;0.39;0.18
100;"Samuel Chukwueze";"AC Milan";26;910;3;3;2;2.79;2.79;3.15;6.9;2.53;0.28;0.28;0.31;0.59;0.59;0.68;0.25
101;"Lucas Da Cunha";"Como";36;2639;3;3;2;1.58;1.58;4.6;11.01;8.99;0.05;0.05;0.16;0.21;0.21;0.38;0.31
102;"Razvan Marin";"Cagliari";33;1374;3;1;2;2.2;0.68;3.31;7.72;5.91;0.14;0.04;0.22;0.36;0.26;0.51;0.39
103;"Tete Morente";"Lecce";31;2036;3;3;2;3.1;3.1;1.83;7.27;2.67;0.14;0.14;0.08;0.22;0.22;0.32;0.12
104;"Matteo Cancellieri";"Parma Calcio 1913";27;1453;3;3;0;2.51;2.51;0.54;3.89;1.22;0.16;0.16;0.03;0.19;0.19;0.24;0.08
105;"Koni de Winter";"Genoa";25;2132;3;3;0;2.77;2.77;0.27;6.33;6.26;0.12;0.12;0.01;0.13;0.13;0.27;0.26
106;"Fabio Miretti";"Genoa";25;1718;3;3;3;3.49;3.49;2.24;6.61;2.1;0.18;0.18;0.12;0.3;0.3;0.35;0.11
107;"Teun Koopmeiners";"Juventus";28;1998;3;3;3;4.89;4.89;2.56;9.23;3.93;0.22;0.22;0.12;0.34;0.34;0.42;0.18
108;"Johan Vásquez";"Genoa";36;3036;3;3;0;2.44;2.44;0.33;5.9;5.49;0.07;0.07;0.01;0.08;0.08;0.17;0.16
109;"Jurgen Ekkelenkamp";"Udinese";34;1884;3;3;2;3.13;3.13;1.63;7.97;4.54;0.15;0.15;0.08;0.23;0.23;0.38;0.22
110;"Thijs Dallinga";"Bologna";31;1124;3;3;2;5.54;5.54;0.54;6.43;0.66;0.44;0.44;0.04;0.49;0.49;0.52;0.05
111;"Carlos Augusto";"Inter";29;1658;3;3;2;3.48;3.48;1.92;9.38;7.55;0.19;0.19;0.1;0.29;0.29;0.51;0.41
112;"Samuele Birindelli";"Monza";21;1497;3;3;0;1.89;1.89;1.68;6.66;3.37;0.11;0.11;0.1;0.21;0.21;0.4;0.2
113;"Gvidas Gineitis";"Torino";30;1431;3;3;1;1.85;1.85;2.17;5.02;2.37;0.12;0.12;0.14;0.25;0.25;0.32;0.15
114;"Patrick Dorgu";"Lecce";21;1843;3;3;1;3.16;3.16;1.51;8.15;4.31;0.15;0.15;0.07;0.23;0.23;0.4;0.21
115;"Gaetano Oristanio";"Venezia";37;2353;3;3;3;5.69;5.69;2.33;8.79;2.13;0.22;0.22;0.09;0.31;0.31;0.34;0.08
116;"Giovanni Fabbian";"Bologna";30;992;3;3;1;2.88;2.88;1.51;3.63;1.37;0.26;0.26;0.14;0.4;0.4;0.33;0.12
117;"Fisayo Dele-Bashiru";"Lazio";20;947;3;3;1;1.49;1.49;0.79;3.4;1.46;0.14;0.14;0.08;0.22;0.22;0.32;0.14
118;"Samuel Mbangula";"Juventus";23;687;3;3;3;0.46;0.46;1.75;3.58;1.59;0.06;0.06;0.23;0.29;0.29;0.47;0.21
119;"Francisco Conceição";"Juventus";26;1320;3;3;3;3.13;3.13;4.41;12.87;7.61;0.21;0.21;0.3;0.51;0.51;0.88;0.52
120;"Benjamín Domínguez";"Bologna";24;1309;3;3;2;2.43;2.43;0.73;6.14;3.65;0.17;0.17;0.05;0.22;0.22;0.42;0.25
121;"Mateo Pellegrino";"Parma Calcio 1913";13;742;3;3;1;4.88;4.88;0.43;5.23;1.59;0.59;0.59;0.05;0.64;0.64;0.63;0.19
122;"Suat Serdar";"Verona";22;1380;2;2;1;1.62;1.62;1.06;4;1.92;0.11;0.11;0.07;0.17;0.17;0.26;0.13
123;"Angelino";"Roma";38;3182;2;2;1;1.42;1.42;5.52;13.31;9.54;0.04;0.04;0.16;0.2;0.2;0.38;0.27
124;"Keinan Davis";"Udinese";23;1049;2;2;1;3.07;3.07;2.45;5.5;1.12;0.26;0.26;0.21;0.47;0.47;0.47;0.1
125;"Leonardo Pavoletti";"Cagliari";26;377;2;2;0;2.77;2.77;1.39;5.62;1.96;0.66;0.66;0.33;0.99;0.99;1.34;0.47
126;"Darko Lazovic";"Verona";27;1467;2;1;3;2.92;2.16;3.62;6.41;0.99;0.18;0.13;0.22;0.4;0.35;0.39;0.06
127;"Alessio Romagnoli";"Lazio";32;2676;2;2;0;3.57;3.57;0.7;10.54;10.25;0.12;0.12;0.02;0.14;0.14;0.35;0.34
128;"Manuel Locatelli";"Juventus";36;2852;2;1;2;1.73;0.97;3.16;15.24;12.48;0.05;0.03;0.1;0.15;0.13;0.48;0.39
129;"Andrea Belotti";"Como";18;584;2;2;0;2.58;2.58;0.58;2.76;0.09;0.4;0.4;0.09;0.49;0.49;0.43;0.01
130;"Keita";"Monza";11;644;2;2;0;1.88;1.88;0.21;2.83;1.19;0.26;0.26;0.03;0.29;0.29;0.4;0.17
131;"Piotr Zielinski";"Inter";26;947;2;0;2;2.69;1.17;0.62;6.74;5.56;0.26;0.11;0.06;0.31;0.17;0.64;0.53
132;"Matías Vecino";"Lazio";20;843;2;2;3;3.1;3.1;3.25;5.66;1.4;0.33;0.33;0.35;0.68;0.68;0.6;0.15
133;"Lorenzo Pellegrini";"Roma";25;1648;2;1;1;5.43;4.67;2.62;9.61;4.58;0.3;0.25;0.14;0.44;0.4;0.53;0.25
134;"Alessandro Deiola";"Cagliari";29;1439;2;2;1;1.46;1.46;0.78;4.45;2.75;0.09;0.09;0.05;0.14;0.14;0.28;0.17
135;"Christian Kabasele";"Udinese";16;1164;2;2;0;2.26;2.26;0.35;0.88;0.58;0.17;0.17;0.03;0.2;0.2;0.07;0.04
136;"Joaquín Correa";"Inter";19;701;2;2;2;2.39;2.39;1.62;6.6;3.3;0.31;0.31;0.21;0.52;0.52;0.85;0.42
137;"Antonio Sanabria";"Torino";26;1321;2;2;1;2.57;1.81;0.32;2.69;1.09;0.18;0.12;0.02;0.2;0.15;0.18;0.07
138;"Maxwel Cornet";"Genoa";7;240;2;2;1;1.01;1.01;1.07;1.87;0.89;0.38;0.38;0.4;0.78;0.78;0.7;0.33
139;"Matteo Gabbia";"AC Milan";26;2159;2;2;0;1.56;1.56;0.17;10.16;10.14;0.07;0.07;0.01;0.07;0.07;0.42;0.42
140;"Weston McKennie";"Juventus";32;2334;2;2;4;2.94;2.94;4.66;10.66;5.94;0.11;0.11;0.18;0.29;0.29;0.41;0.23
141;"Jonathan Ikone";"Como,Fiorentina";27;831;2;2;0;3.43;3.43;0.5;6.16;2.85;0.37;0.37;0.05;0.43;0.43;0.67;0.31
142;"Gianluca Mancini";"Roma";37;3152;2;2;0;2.96;2.96;1.05;12.11;11.16;0.08;0.08;0.03;0.11;0.11;0.35;0.32
143;"Luka Jovic";"AC Milan";15;549;2;2;0;2.27;2.27;1.15;3.66;1.32;0.37;0.37;0.19;0.56;0.56;0.6;0.22
144;"Nicolo Zaniolo";"Atalanta,Fiorentina";23;665;2;2;2;1.91;1.91;1.25;4.72;1.98;0.26;0.26;0.17;0.43;0.43;0.64;0.27
145;"Andrea Colpani";"Fiorentina";25;1469;2;2;1;3.35;3.35;1.14;7.35;3.49;0.21;0.21;0.07;0.28;0.28;0.45;0.21
146;"Samuel Gigot";"Lazio";15;692;2;2;0;1.36;1.36;0;3.74;3.61;0.18;0.18;0;0.18;0.18;0.49;0.47
147;"Maxence Caqueret";"Como";18;1110;2;2;3;0.77;0.77;2.11;5.45;3.51;0.06;0.06;0.17;0.23;0.23;0.44;0.28
148;"Kouadio Kone";"Roma";34;2597;2;2;1;2.96;2.96;1.77;14.17;11.84;0.1;0.1;0.06;0.16;0.16;0.49;0.41
149;"Gianluca Gaetano";"Cagliari";28;976;2;2;4;4.63;4.63;2.38;7.97;2.26;0.43;0.43;0.22;0.65;0.65;0.74;0.21
150;"João Félix";"AC Milan";15;761;2;2;0;2.88;2.88;1.55;6.43;3.12;0.34;0.34;0.18;0.52;0.52;0.76;0.37
151;"Georgios Kyriakopoulos";"Monza";34;2865;2;2;4;1.03;1.03;3.45;5.57;2.96;0.03;0.03;0.11;0.14;0.14;0.18;0.09
152;"Lazar Samardzic";"Atalanta";31;1119;2;2;1;1.93;1.93;3.32;8.13;4.74;0.15;0.15;0.27;0.42;0.42;0.65;0.38
153;"Faustino Anjorin";"Empoli";22;1127;2;2;3;0.79;0.79;2.28;3.61;0.89;0.06;0.06;0.18;0.25;0.25;0.29;0.07
154;"Strahinja Pavlovic";"AC Milan";24;1866;2;2;1;2.17;2.17;1.3;9;7.72;0.1;0.1;0.06;0.17;0.17;0.43;0.37
155;"Gabriele Zappa";"Cagliari";37;3070;2;2;0;0.79;0.79;4.33;8.39;5.08;0.02;0.02;0.13;0.15;0.15;0.25;0.15
156;"Tommaso Pobega";"Bologna";21;1180;2;2;2;2.5;2.5;1.37;5.31;3.2;0.19;0.19;0.1;0.3;0.3;0.4;0.24
157;"Emmanuel Gyasi";"Empoli";37;3238;2;2;1;5.1;5.1;1.44;9.22;4.19;0.14;0.14;0.04;0.18;0.18;0.26;0.12
158;"Andrea Cambiaso";"Juventus";33;2227;2;2;3;0.93;0.93;2.98;13.5;11.93;0.04;0.04;0.12;0.16;0.16;0.55;0.48
159;"Kristjan Asllani";"Inter";22;960;2;0;2;2.28;0.76;1.59;4.23;3.64;0.21;0.07;0.15;0.36;0.22;0.4;0.34
160;"Gianluca Busio";"Venezia";33;2537;2;2;0;2.85;2.85;1.61;6.51;2.83;0.1;0.1;0.06;0.16;0.16;0.23;0.1
161;"Fabiano Parisi";"Fiorentina";26;1107;2;2;0;0.44;0.44;1.04;3.23;1.78;0.04;0.04;0.08;0.12;0.12;0.26;0.14
162;"Iker Bravo";"Udinese";29;629;2;2;1;1.2;1.2;0.52;2.38;0.67;0.17;0.17;0.07;0.25;0.25;0.34;0.1
163;"Diego Coppola";"Verona";34;2928;2;2;0;1.31;1.31;0.09;3.88;3.84;0.04;0.04;0;0.04;0.04;0.12;0.12
164;"Morten Frendrup";"Genoa";35;3115;2;2;0;1.69;1.69;0.71;8.62;6.66;0.05;0.05;0.02;0.07;0.07;0.25;0.19
165;"Zito";"Cagliari";26;1634;2;2;2;1.86;1.86;3.8;7.25;2.39;0.1;0.1;0.21;0.31;0.31;0.4;0.13
166;"Liberato Cacace";"Empoli";33;2224;2;2;4;4.27;4.27;2.02;8.47;3.74;0.17;0.17;0.08;0.25;0.25;0.34;0.15
167;"Sandi Lovric";"Udinese";36;2370;2;2;3;2.56;2.56;3.45;9.9;5.35;0.1;0.1;0.13;0.23;0.23;0.38;0.2
168;"Christian Gytkjær";"Venezia";29;720;2;1;1;3.43;2.67;0.71;2.17;0.45;0.43;0.33;0.09;0.52;0.42;0.27;0.06
169;"Federico Baschirotto";"Lecce";38;3420;2;2;0;1.79;1.79;0.46;5.91;5.7;0.05;0.05;0.01;0.06;0.06;0.16;0.15
170;"Mikael Ellertsson";"Venezia";36;2503;2;2;2;1.38;1.38;2.16;5.43;2.49;0.05;0.05;0.08;0.13;0.13;0.2;0.09
171;"Sulemana";"Atalanta";9;282;2;2;0;0.58;0.58;0.03;0.87;0.65;0.19;0.19;0.01;0.19;0.19;0.28;0.21
172;"Emanuele Valeri";"Parma Calcio 1913";35;2883;2;1;6;1.6;0.84;5.61;9.66;4.95;0.05;0.03;0.18;0.23;0.2;0.3;0.15
173;"Vitinha";"Genoa";25;1346;2;2;3;1.78;1.78;4.12;5.7;1.61;0.12;0.12;0.28;0.39;0.39;0.38;0.11
174;"Niccolò Pisilli";"Roma";28;1198;2;2;1;3.07;3.07;0.94;5.93;3.92;0.23;0.23;0.07;0.3;0.3;0.45;0.29
175;"Saúl Coco";"Torino";32;2851;2;2;0;1.95;1.95;0.01;4.08;4.01;0.06;0.06;0;0.06;0.06;0.13;0.13
176;"Jesper Karlsson";"Bologna,Lecce";20;802;2;1;0;2.35;1.59;0.81;2.58;1.01;0.26;0.18;0.09;0.35;0.27;0.29;0.11
177;"Tasos Douvikas";"Como";13;587;2;2;2;3.14;3.14;1.39;5.05;1.43;0.48;0.48;0.21;0.69;0.69;0.77;0.22
178;"Jackson Tchatchoua";"Verona";36;3172;2;2;3;1.95;1.95;3.57;9.69;4.78;0.06;0.06;0.1;0.16;0.16;0.27;0.14
179;"Alessandro Vogliacco";"Genoa,Parma Calcio 1913";22;1499;2;2;0;1.58;1.58;0.12;2.44;2.39;0.1;0.1;0.01;0.1;0.1;0.15;0.14
180;"Tijjani Noslin";"Lazio";30;830;2;2;2;2.66;2.66;1.6;5.1;2.31;0.29;0.29;0.17;0.46;0.46;0.55;0.25
181;"Antoine Hainaut";"Parma Calcio 1913";25;1184;2;2;0;0.85;0.85;0.77;2.99;2.2;0.06;0.06;0.06;0.12;0.12;0.23;0.17
182;"Nicolò Savona";"Juventus";28;1724;2;2;1;0.62;0.62;1.61;6.45;5.28;0.03;0.03;0.08;0.12;0.12;0.34;0.28
183;"David Neres";"Napoli";28;1268;2;2;4;2.99;2.99;3.38;9.53;4.62;0.21;0.21;0.24;0.45;0.45;0.68;0.33
184;"Lorenzo Venturino";"Genoa";6;149;2;2;0;1.16;1.16;0.18;1.35;0.05;0.7;0.7;0.11;0.81;0.81;0.82;0.03
185;"Daniel Fila";"Venezia";10;495;2;2;0;1.92;1.92;0.35;2.67;0.46;0.35;0.35;0.06;0.41;0.41;0.48;0.08
186;"Henrikh Mkhitaryan";"Inter";32;2441;1;1;4;1.72;1.72;3.29;16.2;12.26;0.06;0.06;0.12;0.18;0.18;0.6;0.45
187;"Armando Izzo";"Monza";30;2455;1;1;1;0.49;0.49;1.02;6.28;5.3;0.02;0.02;0.04;0.06;0.06;0.23;0.19
188;"Giovanni Simeone";"Napoli";30;349;1;1;1;2.27;2.27;1;3.65;1.05;0.58;0.58;0.26;0.84;0.84;0.94;0.27
189;"Mattia De Sciglio";"Empoli";16;750;1;1;0;0.8;0.8;0.14;0.88;0.71;0.1;0.1;0.02;0.11;0.11;0.11;0.08
190;"Francesco Zampano";"Venezia";24;1633;1;1;2;1.28;1.28;1.19;4.35;2;0.07;0.07;0.07;0.14;0.14;0.24;0.11
191;"Cristiano Biraghi";"Fiorentina,Torino";23;1585;1;1;0;0.64;0.64;3.25;3.94;2.5;0.04;0.04;0.18;0.22;0.22;0.22;0.14
192;"Lorenzo De Silvestri";"Bologna";18;1074;1;1;0;1.09;1.09;0.31;3.17;2.87;0.09;0.09;0.03;0.12;0.12;0.27;0.24
193;"Patric";"Lazio";10;593;1;1;0;0.88;0.88;0.01;1.81;1.81;0.13;0.13;0;0.14;0.14;0.27;0.27
194;"Karol Linetty";"Torino";28;1548;1;1;0;0.85;0.85;0.71;3.13;2.55;0.05;0.05;0.04;0.09;0.09;0.18;0.15
195;"Pedro Pereira";"Monza";35;2689;1;1;3;1.74;1.74;2.24;7.53;5.6;0.06;0.06;0.07;0.13;0.13;0.25;0.19
196;"Edoardo Goldaniga";"Como";32;2525;1;1;0;2.38;2.38;0.3;5.94;5.85;0.08;0.08;0.01;0.1;0.1;0.21;0.21
197;"Milan Badelj";"Genoa";23;1525;1;1;0;0.96;0.96;1.22;6.45;4.45;0.06;0.06;0.07;0.13;0.13;0.38;0.26
198;"Adam Masina";"Torino";28;1911;1;1;2;0.87;0.87;0.51;3.16;3.12;0.04;0.04;0.02;0.07;0.07;0.15;0.15
199;"Stefano Sensi";"Monza";12;253;1;0;0;0.89;0.13;0.33;0.93;0.87;0.32;0.05;0.12;0.44;0.17;0.33;0.31
200;"Luca Mazzitelli";"Como";11;330;1;1;1;0.22;0.22;0.85;1.44;0.4;0.06;0.06;0.23;0.29;0.29;0.39;0.11
201;"Remo Freuler";"Bologna";37;3230;1;1;2;1.5;1.5;1.96;11.35;8.22;0.04;0.04;0.05;0.1;0.1;0.32;0.23
202;"Leonardo Spinazzola";"Napoli";27;1531;1;1;1;1.02;1.02;4.1;9.82;5.68;0.06;0.06;0.24;0.3;0.3;0.58;0.33
203;"Alberto Grassi";"Empoli";28;2245;1;1;0;1.17;1.17;0.73;6.67;4.99;0.05;0.05;0.03;0.08;0.08;0.27;0.2
204;"Sebastiano Luperto";"Cagliari";36;3240;1;1;3;2.47;2.47;1;6.18;5.46;0.07;0.07;0.03;0.1;0.1;0.17;0.15
205;"Ante Rebic";"Lecce";27;753;1;1;0;1.79;1.79;2.4;4.24;0.92;0.21;0.21;0.29;0.5;0.5;0.51;0.11
206;"Berat Gjimshiti";"Atalanta";34;2653;1;1;2;3.07;3.07;1.73;11.93;10.69;0.1;0.1;0.06;0.16;0.16;0.4;0.36
207;"Lassana Coulibaly";"Lecce";38;2687;1;1;0;1.3;1.3;1.05;7.35;5.17;0.04;0.04;0.04;0.08;0.08;0.25;0.17
208;"Hassane Kamara";"Udinese";30;2020;1;1;4;0.75;0.75;3.26;5.07;3.51;0.03;0.03;0.15;0.18;0.18;0.23;0.16
209;"José Luis Palomino";"Cagliari";18;1067;1;1;0;0.3;0.3;0.06;2.5;2.44;0.03;0.03;0;0.03;0.03;0.21;0.21
210;"Alessio Zerbin";"Napoli,Venezia";20;1523;1;1;1;2.16;2.16;2.37;5.18;1.32;0.13;0.13;0.14;0.27;0.27;0.31;0.08
211;"Alessandro Bastoni";"Inter";33;2468;1;1;5;0.67;0.67;3.4;16.25;14.77;0.02;0.02;0.12;0.15;0.15;0.59;0.54
212;"Grigoris Kastanos";"Verona";27;852;1;1;1;1.09;1.09;1.58;2.89;1.25;0.12;0.12;0.17;0.28;0.28;0.31;0.13
213;"Alessandro Buongiorno";"Napoli";22;1931;1;1;0;0.79;0.79;0.63;8.37;8.24;0.04;0.04;0.03;0.07;0.07;0.39;0.38
214;"Ondrej Duda";"Verona";28;2414;1;1;3;0.89;0.89;3.44;8.71;6.53;0.03;0.03;0.13;0.16;0.16;0.32;0.24
215;"Matteo Guendouzi";"Lazio";37;3281;1;1;3;1.56;1.56;3.08;19.78;16.28;0.04;0.04;0.08;0.13;0.13;0.54;0.45
216;"Philip Billing";"Napoli";10;164;1;1;0;1.9;1.9;0.14;1.96;0.67;1.04;1.04;0.08;1.12;1.12;1.08;0.37
217;"Guillermo Maripán";"Torino";28;2340;1;1;1;1.04;1.04;1.3;3.93;3.24;0.04;0.04;0.05;0.09;0.09;0.15;0.12
218;"Antoine Bernede";"Verona";14;591;1;1;0;0.22;0.22;0.47;1.22;0.63;0.03;0.03;0.07;0.1;0.1;0.19;0.1
219;"Yerry Mina";"Cagliari";31;2590;1;1;0;2.47;2.47;0.57;4.86;3.83;0.09;0.09;0.02;0.11;0.11;0.17;0.13
220;"Oumar Solet";"Udinese";19;1676;1;1;2;0.89;0.89;1.22;3.97;3.15;0.05;0.05;0.07;0.11;0.11;0.21;0.17
221;"Riccardo Sottil";"AC Milan,Fiorentina";24;932;1;1;1;1.18;1.18;1.39;4.66;2.82;0.11;0.11;0.13;0.25;0.25;0.45;0.27
222;"Luca Ranieri";"Fiorentina";36;3085;1;1;3;1.38;1.38;1.77;6.85;5.04;0.04;0.04;0.05;0.09;0.09;0.2;0.15
223;"Ndary Adopo";"Cagliari";35;2416;1;1;1;1.13;1.13;2.47;9.34;6.93;0.04;0.04;0.09;0.13;0.13;0.35;0.26
224;"Jaka Bijol";"Udinese";34;2964;1;1;0;2.14;2.14;0.67;7.28;6.61;0.06;0.06;0.02;0.09;0.09;0.22;0.2
225;"Youssouf Fofana";"AC Milan";35;2516;1;1;6;1.14;1.14;3.53;14.93;11.94;0.04;0.04;0.13;0.17;0.17;0.53;0.43
226;"Giangiacomo Magnani";"Verona";17;1049;1;1;0;1.52;1.52;0.05;1.61;1.12;0.13;0.13;0;0.13;0.13;0.14;0.1
227;"Christian Kouamé";"Empoli,Fiorentina";26;1100;1;1;1;3.36;3.36;2.64;5.66;1.31;0.27;0.27;0.22;0.49;0.49;0.46;0.11
228;"John Yeboah";"Venezia";33;1198;1;1;1;2.53;2.53;2.96;6.87;2.03;0.19;0.19;0.22;0.41;0.41;0.52;0.15
229;"Nicolo Fagioli";"Fiorentina,Juventus";32;1514;1;1;2;0.89;0.89;3.02;9.79;8.04;0.05;0.05;0.18;0.23;0.23;0.58;0.48
230;"Samuele Ricci";"Torino";34;2863;1;1;1;1.26;1.26;0.67;6.68;4.93;0.04;0.04;0.02;0.06;0.06;0.21;0.16
231;"Nicolò Cambiaghi";"Bologna";18;581;1;1;3;0.73;0.73;2.07;4.49;2.11;0.11;0.11;0.32;0.43;0.43;0.7;0.33
232;"Domagoj Bradaric";"Verona";28;1963;1;1;0;0.88;0.88;1.96;3.3;1.49;0.04;0.04;0.09;0.13;0.13;0.15;0.07
233;"Amir Rrahmani";"Napoli";38;3410;1;1;3;2.26;2.26;1.55;13.19;12.65;0.06;0.06;0.04;0.1;0.1;0.35;0.33
234;"Pierre Kalulu Kyatengwa";"Juventus";29;2330;1;1;0;0.85;0.85;0.58;9.87;9.13;0.03;0.03;0.02;0.06;0.06;0.38;0.35
235;"Kike Pérez";"Venezia";16;1130;1;1;0;1.36;1.36;1.05;3.4;1.42;0.11;0.11;0.08;0.19;0.19;0.27;0.11
236;"Oier Zarraga";"Udinese";22;881;1;1;0;0.29;0.29;0.32;2.02;1.49;0.03;0.03;0.03;0.06;0.06;0.21;0.15
237;"Mergim Vojvoda";"Como,Torino";28;1836;1;1;2;0.68;0.68;3.4;8.32;5.19;0.03;0.03;0.17;0.2;0.2;0.41;0.25
238;"Ivan Ilic";"Torino";19;898;1;1;0;1.13;1.13;0.96;4.03;2.49;0.11;0.11;0.1;0.21;0.21;0.4;0.25
239;"Junior Messias";"Genoa";17;832;1;1;1;2.6;1.84;0.7;2.18;0.74;0.28;0.2;0.08;0.36;0.27;0.24;0.08
240;"Adrián Bernabé";"Parma Calcio 1913";21;1464;1;1;1;1.51;1.51;1.65;8.45;6.97;0.09;0.09;0.1;0.19;0.19;0.52;0.43
241;"Lautaro Valenti";"Parma Calcio 1913";20;1559;1;1;0;0.2;0.2;0.15;3.46;3.35;0.01;0.01;0.01;0.02;0.02;0.2;0.19
242;"Lucas Martínez Quarta";"Fiorentina";8;341;1;1;0;0.91;0.91;0.01;1.09;1.06;0.24;0.24;0;0.24;0.24;0.29;0.28
243;"Nicola Zalewski";"Inter,Roma";23;963;1;1;1;0.43;0.43;3.08;6.61;3.7;0.04;0.04;0.29;0.33;0.33;0.62;0.35
244;"Pontus Almqvist";"Parma Calcio 1913";29;1085;1;1;1;2.06;2.06;1.69;5.69;2.22;0.17;0.17;0.14;0.31;0.31;0.47;0.18
245;"Alessandro Bianco";"Fiorentina,Monza";35;2636;1;1;0;1.39;1.39;1.47;6.82;4.91;0.05;0.05;0.05;0.1;0.1;0.23;0.17
246;"Kacper Urbanski";"Bologna,Monza";15;737;1;1;0;0.69;0.69;0.85;2.16;0.86;0.08;0.08;0.1;0.19;0.19;0.26;0.11
247;"Edoardo Bove";"Fiorentina";12;863;1;1;2;1.26;1.26;1.46;5.15;3.47;0.13;0.13;0.15;0.28;0.28;0.54;0.36
248;"Caleb Ekuban";"Genoa";18;526;1;1;3;3.43;3.43;0.86;3.87;0.78;0.59;0.59;0.15;0.73;0.73;0.66;0.13
249;"Mattia Viti";"Empoli";30;2580;1;1;0;1.03;1.03;0.22;3.37;3.03;0.04;0.04;0.01;0.04;0.04;0.12;0.11
250;"Alessandro Zanoli";"Genoa";31;1716;1;1;0;0.65;0.65;1.2;3.94;2.31;0.03;0.03;0.06;0.1;0.1;0.21;0.12
251;"Michael Svoboda";"Venezia";16;1311;1;1;0;0.2;0.2;0.96;3.79;3.69;0.01;0.01;0.07;0.08;0.08;0.26;0.25
252;"Tommaso Baldanzi";"Roma";31;777;1;1;1;1.92;1.92;1.31;5.22;2.46;0.22;0.22;0.15;0.37;0.37;0.6;0.28
253;"Ridgeciano Haps";"Venezia";25;1369;1;1;1;1.49;1.49;1;4.63;2.38;0.1;0.1;0.07;0.16;0.16;0.3;0.16
254;"Loum Tchaouna";"Lazio";24;624;1;1;0;2.58;2.58;0.69;4.43;1.69;0.37;0.37;0.1;0.47;0.47;0.64;0.24
255;"Abdou Harroui";"Verona";10;452;1;1;2;2.45;2.45;1.04;4.01;1.46;0.49;0.49;0.21;0.7;0.7;0.8;0.29
256;"Adam Obert";"Cagliari";21;1072;1;1;1;1.02;1.02;0.46;3.51;2.22;0.09;0.09;0.04;0.12;0.12;0.29;0.19
257;"Fali Candé";"Venezia";17;1530;1;1;1;0.82;0.82;0.8;2.16;1.45;0.05;0.05;0.05;0.1;0.1;0.13;0.09
258;"Cesare Casadei";"Torino";15;1030;1;1;1;1.25;1.25;0.39;3.12;1.9;0.11;0.11;0.03;0.14;0.14;0.27;0.17
259;"Yannick Engelhardt";"Como";26;1134;1;1;1;0.81;0.81;1.48;4.56;2.98;0.06;0.06;0.12;0.18;0.18;0.36;0.24
260;"Mario Gila";"Lazio";32;2740;1;1;0;0.96;0.96;0.72;11.04;10.88;0.03;0.03;0.02;0.06;0.06;0.36;0.36
261;"Samuel Iling-Junior";"Bologna";7;98;1;1;0;0.18;0.18;0.07;0.44;0.26;0.16;0.16;0.06;0.22;0.22;0.4;0.24
262;"Jordan Zemura";"Udinese";23;1401;1;1;2;1.08;1.08;1.77;3.97;2.03;0.07;0.07;0.11;0.18;0.18;0.25;0.13
263;"Souleymane Isaak Touré";"Udinese";12;742;1;1;0;0.74;0.74;0.03;2.07;2.07;0.09;0.09;0;0.09;0.09;0.25;0.25
264;"Patrick Ciurria";"Monza";21;1101;1;1;1;0.52;0.52;2.3;2.6;0.51;0.04;0.04;0.19;0.23;0.23;0.21;0.04
265;"Emil Holm";"Bologna";21;1129;1;1;1;0.73;0.73;1.01;3.91;2.9;0.06;0.06;0.08;0.14;0.14;0.31;0.23
266;"Federico Gatti";"Juventus";30;2207;1;1;0;2.64;2.64;0.28;6.39;5.92;0.11;0.11;0.01;0.12;0.12;0.26;0.24
267;"Lewis Ferguson";"Bologna";16;974;1;0;1;0.95;0.19;1.55;5.33;3.82;0.09;0.02;0.14;0.23;0.16;0.49;0.35
268;"Ali Dembélé";"Torino";15;369;1;1;0;0.38;0.38;0.11;0.53;0.22;0.09;0.09;0.03;0.12;0.12;0.13;0.05
269;"Amir Richardson";"Fiorentina";27;1083;1;1;1;1.08;1.08;0.62;3.14;2.05;0.09;0.09;0.05;0.14;0.14;0.26;0.17
270;"Pietro Comuzzo";"Fiorentina";33;2192;1;1;0;0.47;0.47;0.36;5.21;5.15;0.02;0.02;0.01;0.03;0.03;0.21;0.21
271;"Ylber Ramadani";"Lecce";29;1831;1;1;1;0.54;0.54;0.89;5.12;3.89;0.03;0.03;0.04;0.07;0.07;0.25;0.19
272;"Noah Okafor";"AC Milan,Napoli";15;435;1;1;0;2.23;2.23;0.76;3.62;0.65;0.46;0.46;0.16;0.62;0.62;0.75;0.13
273;"Mathis Lambourde";"Verona";7;69;1;1;0;0.34;0.34;0.08;0.42;0.08;0.45;0.45;0.11;0.55;0.55;0.55;0.11
274;"Thomas Thiesson Kristensen";"Udinese";24;1747;1;1;0;0.95;0.95;0.36;3.45;3.37;0.05;0.05;0.02;0.07;0.07;0.18;0.17
275;"Martín Payero";"Udinese";25;1391;1;1;1;1.37;1.37;1.26;4.44;3.08;0.09;0.09;0.08;0.17;0.17;0.29;0.2
276;"Lautaro Giannetti";"Udinese";15;892;1;1;0;0.08;0.08;0.1;0.66;0.56;0.01;0.01;0.01;0.02;0.02;0.07;0.06
277;"Brenner";"Udinese";9;389;1;1;2;0.49;0.49;0.52;1.11;0.18;0.11;0.11;0.12;0.23;0.23;0.26;0.04
278;"Alieu Njie";"Torino";16;361;1;1;0;1.24;1.24;0.56;1.75;0.03;0.31;0.31;0.14;0.45;0.45;0.44;0.01
279;"Jeff Ekhator";"Genoa";24;727;1;1;1;1.33;1.33;1.37;2.34;0.55;0.16;0.16;0.17;0.33;0.33;0.29;0.07
280;"Patrizio Masini";"Genoa";26;1528;1;1;0;0.44;0.44;0.25;3.3;3.05;0.03;0.03;0.01;0.04;0.04;0.19;0.18
281;"Mehdi Taremi";"Inter";26;781;1;0;2;3.33;2.56;1.83;6.39;2.29;0.38;0.3;0.21;0.59;0.51;0.74;0.26
282;"Anas Haj Mohamed";"Parma Calcio 1913";15;450;1;1;2;1.05;1.05;1.27;2.56;0.93;0.21;0.21;0.25;0.46;0.46;0.51;0.19
283;"Dailon Livramento";"Verona";29;922;1;1;1;2.38;2.38;1.01;4.68;1.43;0.23;0.23;0.1;0.33;0.33;0.46;0.14
284;"Marin Sverko";"Venezia";16;1123;1;1;0;0.2;0.2;0.38;2.04;1.83;0.02;0.02;0.03;0.05;0.05;0.16;0.15
285;"Magnus Kofod Andersen";"Venezia";14;692;1;1;1;0.23;0.23;0.5;1.77;1.37;0.03;0.03;0.06;0.09;0.09;0.23;0.18
286;"Alessandro Gabrielloni";"Como";15;109;1;1;1;0.29;0.29;0.63;0.78;0.01;0.24;0.24;0.52;0.76;0.76;0.65;0.01
287;"Jay Idzes";"Venezia";35;3130;1;1;0;2.11;2.11;1.55;5.57;4.61;0.06;0.06;0.04;0.1;0.1;0.16;0.13
288;"Alieu Fadera";"Como";28;1652;1;1;3;1.8;1.8;3.36;9.13;4.84;0.1;0.1;0.18;0.28;0.28;0.5;0.26
289;"Gabriel Charpentier";"Parma Calcio 1913";10;242;1;1;2;0.85;0.85;0.63;1.39;0.05;0.32;0.32;0.23;0.55;0.55;0.52;0.02
290;"Giovanni Leoni";"Parma Calcio 1913";17;1210;1;1;0;0.39;0.39;0.01;1.96;1.95;0.03;0.03;0;0.03;0.03;0.15;0.14
291;"Florinel Coman";"Cagliari";9;253;1;1;0;0.13;0.13;0.01;0.44;0.35;0.05;0.05;0;0.05;0.05;0.16;0.12
292;"Luca Caldirola";"Monza";14;865;0;0;0;0.34;0.34;0.09;1;0.94;0.04;0.04;0.01;0.04;0.04;0.1;0.1
293;"Yann Sommer";"Inter";33;2970;0;0;0;0;0;0;8.29;8.29;0;0;0;0;0;0.25;0.25
294;"Sead Kolasinac";"Atalanta";23;1917;0;0;2;0.83;0.83;2.83;11.08;9.72;0.04;0.04;0.13;0.17;0.17;0.52;0.46
295;"Mats Hummels";"Roma";14;925;0;0;0;0.62;0.62;0.08;5.5;5.38;0.06;0.06;0.01;0.07;0.07;0.54;0.52
296;"Alexis Sánchez";"Udinese";13;435;0;0;0;1.23;1.23;0.1;2.66;1.44;0.25;0.25;0.02;0.28;0.28;0.55;0.3
297;"David de Gea";"Fiorentina";35;3150;0;0;1;0;0;0.59;4.43;3.84;0;0;0.02;0.02;0.02;0.13;0.11
298;"Alberto Moreno";"Como";24;1740;0;0;0;0.39;0.39;1.62;5.58;4.77;0.02;0.02;0.08;0.1;0.1;0.29;0.25
299;"Kyle Walker";"AC Milan";11;658;0;0;0;0.04;0.04;0.73;4.44;3.93;0;0;0.1;0.1;0.1;0.61;0.54
300;"Dele Alli";"Como";1;8;0;0;0;0;0;0;0.02;0.02;0;0;0;0;0;0.21;0.21
301;"Ruben Loftus-Cheek";"AC Milan";19;1022;0;0;0;0.73;0.73;1.71;5.99;4.16;0.06;0.06;0.15;0.21;0.21;0.53;0.37
302;"Fikayo Tomori";"AC Milan";22;1590;0;0;1;0.12;0.12;0.53;7.27;6.79;0.01;0.01;0.03;0.04;0.04;0.41;0.38
303;"Juan Cuadrado";"Atalanta";23;800;0;0;2;1.47;1.47;2.29;5.51;3.12;0.17;0.17;0.26;0.42;0.42;0.62;0.35
304;"Mattia Perin";"Juventus";5;450;0;0;0;0;0;0;1.65;1.65;0;0;0;0;0;0.33;0.33
305;"Gianluca Lapadula";"Cagliari";12;281;0;0;0;1.54;1.54;0.06;1.76;0.48;0.49;0.49;0.02;0.51;0.51;0.56;0.15
306;"Simone Scuffet";"Cagliari,Napoli";14;1260;0;0;0;0;0;0;0.5;0.5;0;0;0;0;0;0.04;0.04
307;"Daniele Baselli";"Como";2;22;0;0;0;0;0;0;0;0;0;0;0;0;0;0;0
308;"Daniele Padelli";"Udinese";1;90;0;0;0;0;0;0;0.09;0.09;0;0;0;0;0;0.09;0.09
309;"Juan Jesus";"Napoli";15;1076;0;0;1;0.26;0.26;0.1;2.99;2.99;0.02;0.02;0.01;0.03;0.03;0.25;0.25
310;"Alessandro Florenzi";"AC Milan";1;4;0;0;0;0;0;0;0;0;0;0;0;0;0;0;0
311;"Giuseppe Pezzella";"Empoli";35;2914;0;0;3;0.56;0.56;5.64;9.08;5.11;0.02;0.02;0.17;0.19;0.19;0.28;0.16
312;"Emil Audero";"Como";8;720;0;0;0;0.04;0.04;0;0.51;0.51;0.01;0.01;0;0.01;0.01;0.06;0.06
313;"Lukasz Skorupski";"Bologna";27;2364;0;0;0;0;0;0;2.81;2.81;0;0;0;0;0;0.11;0.11
314;"Federico Barba";"Como";7;434;0;0;0;0.63;0.63;0;0.19;0.19;0.13;0.13;0;0.13;0.13;0.04;0.04
315;"José Reina";"Como";12;1034;0;0;0;0;0;0;0.57;0.57;0;0;0;0;0;0.05;0.05
316;"Elseid Hysaj";"Lazio";11;413;0;0;3;0.09;0.09;1.5;2.24;1.79;0.02;0.02;0.33;0.35;0.35;0.49;0.39
317;"Simone Verdi";"Como";9;97;0;0;0;0.07;0.07;0.41;0.36;0.04;0.06;0.06;0.38;0.44;0.44;0.33;0.04
318;"Francesco Acerbi";"Inter";23;1695;0;0;1;0.34;0.34;0.7;7.62;7.43;0.02;0.02;0.04;0.05;0.05;0.4;0.39
319;"Alfred Duncan";"Venezia";16;965;0;0;0;0.97;0.97;1.98;3.45;1.58;0.09;0.09;0.18;0.28;0.28;0.32;0.15
320;"Rafael Toloi";"Atalanta";11;448;0;0;0;0.09;0.09;0.26;3.73;3.51;0.02;0.02;0.05;0.07;0.07;0.75;0.71
321;"Andrea Petagna";"Monza";13;319;0;0;0;0.25;0.25;0.04;0.37;0.14;0.07;0.07;0.01;0.08;0.08;0.1;0.04
322;"Roberto Gagliardini";"Monza";8;148;0;0;0;0;0;0.08;0.24;0.24;0;0;0.05;0.05;0.05;0.15;0.15
323;"Marco Sportiello";"AC Milan";2;124;0;0;0;0;0;0;1.02;1.02;0;0;0;0;0;0.74;0.74
324;"Danilo D&#039;Ambrosio";"Monza";20;1098;0;0;1;0.73;0.73;0.54;2.09;1.66;0.06;0.06;0.04;0.1;0.1;0.17;0.14
325;"Federico Ravaglia";"Bologna";12;1056;0;0;0;0;0;0.04;1.16;1.11;0;0;0;0;0;0.1;0.09
326;"Davide Calabria";"AC Milan,Bologna";18;949;0;0;1;0.63;0.63;1.41;4.35;3.17;0.06;0.06;0.13;0.19;0.19;0.41;0.3
327;"Mario Balotelli";"Genoa";6;46;0;0;0;0.06;0.06;0;0.11;0.11;0.11;0.11;0;0.11;0.11;0.22;0.22
328;"Nicola Sansone";"Lecce";5;54;0;0;0;0.16;0.16;0.07;0.12;0.04;0.27;0.27;0.12;0.39;0.39;0.21;0.06
329;"Ionut Radu";"Venezia";15;1350;0;0;0;0;0;0;2.21;2.21;0;0;0;0;0;0.15;0.15
330;"Pierluigi Gollini";"Genoa";7;630;0;0;0;0;0;0;0.49;0.49;0;0;0;0;0;0.07;0.07
331;"Nicola Leali";"Genoa";29;2610;0;0;0;0;0;0;3.93;3.93;0;0;0;0;0;0.14;0.14
332;"Alex Meret";"Napoli";34;3005;0;0;0;0;0;0;6.57;6.57;0;0;0;0;0;0.2;0.2
333;"Stefano Sabelli";"Genoa";34;2072;0;0;2;0.14;0.14;1.98;6.25;5.01;0.01;0.01;0.09;0.09;0.09;0.27;0.22
334;"Daniele Sommariva";"Genoa";1;26;0;0;0;0;0;0;0;0;0;0;0;0;0;0;0
335;"Nicholas Pierini";"Venezia";2;77;0;0;0;0.04;0.04;0.07;0.13;0.09;0.05;0.05;0.08;0.13;0.13;0.15;0.11
336;"Martin Erlic";"Bologna";8;326;0;0;0;0.24;0.24;0;0.1;0.09;0.07;0.07;0;0.07;0.07;0.03;0.03
337;"Sergi Roberto";"Como";13;692;0;0;1;0.51;0.51;0.54;4.19;3.37;0.07;0.07;0.07;0.14;0.14;0.54;0.44
338;"Danilo";"Juventus";12;573;0;0;1;0.06;0.06;0.8;5.81;5.48;0.01;0.01;0.13;0.14;0.14;0.91;0.86
339;"Jean-Daniel Akpa-Akpro";"Monza";14;979;0;0;0;0.43;0.43;0.24;2.82;2.57;0.04;0.04;0.02;0.06;0.06;0.26;0.24
340;"Frederic Guilbert";"Lecce";31;2488;0;0;1;0.31;0.31;1.81;5.82;4.11;0.01;0.01;0.07;0.08;0.08;0.21;0.15
341;"Benjamin Pavard";"Inter";23;1581;0;0;1;0.48;0.48;0.82;6.43;5.87;0.03;0.03;0.05;0.07;0.07;0.37;0.33
342;"Mike Maignan";"AC Milan";37;3296;0;0;0;0;0;0.52;8.31;7.82;0;0;0.01;0.01;0.01;0.23;0.21
343;"Mattia Valoti";"Monza";5;31;0;0;0;0;0;0;0.02;0.02;0;0;0;0;0;0.06;0.06
344;"Kevin Bonifazi";"Lecce";3;56;0;0;0;0;0;0;0.11;0.11;0;0;0;0;0;0.18;0.18
345;"Marco Faraoni";"Verona";8;256;0;0;0;0.31;0.31;0.11;0.41;0.1;0.11;0.11;0.04;0.14;0.14;0.14;0.04
346;"Marc-Oliver Kempf";"Como";31;2622;0;0;0;1.46;1.46;1.56;10.12;9.97;0.05;0.05;0.05;0.1;0.1;0.35;0.34
347;"Wylan Cyprien";"Parma Calcio 1913";2;21;0;0;0;0.35;0.35;0;0.35;0;1.51;1.51;0;1.51;1.51;1.51;0
348;"Alberto Cerri";"Como";5;74;0;0;0;1.47;1.47;0;1.52;0.06;1.78;1.78;0;1.78;1.78;1.85;0.07
349;"Filippo Melegoni";"Genoa";3;87;0;0;1;0.04;0.04;0.35;0.38;0;0.04;0.04;0.36;0.4;0.4;0.4;0
350;"Giorgio Altare";"Venezia";12;750;0;0;0;0.08;0.08;0.1;0.42;0.39;0.01;0.01;0.01;0.02;0.02;0.05;0.05
351;"Luca Pellegrini";"Lazio";22;1045;0;0;4;0.74;0.74;2.88;5.02;3.5;0.06;0.06;0.25;0.31;0.31;0.43;0.3
352;"Wladimiro Falcone";"Lecce";38;3420;0;0;0;0;0;0;2.4;2.4;0;0;0;0;0;0.06;0.06
353;"Aarón Martín";"Genoa";36;3100;0;0;8;0.74;0.74;5.78;8.17;6.57;0.02;0.02;0.17;0.19;0.19;0.24;0.19
354;"Stefan Posch";"Atalanta,Bologna";19;1087;0;0;0;0.69;0.69;0.77;4.54;3.74;0.06;0.06;0.06;0.12;0.12;0.38;0.31
355;"Jean Butez";"Como";19;1663;0;0;0;0;0;0.03;2.41;2.38;0;0;0;0;0;0.13;0.13
356;"Yann Karamoh";"Torino";29;1031;0;0;1;1.75;1.75;1.01;3.17;0.64;0.15;0.15;0.09;0.24;0.24;0.28;0.06
357;"Adrien Tameze";"Torino";20;647;0;0;0;0.3;0.3;1.14;1.74;1;0.04;0.04;0.16;0.2;0.2;0.24;0.14
358;"Leandro Chichizola";"Parma Calcio 1913";1;90;0;0;0;0;0;0;0.28;0.28;0;0;0;0;0;0.28;0.28
359;"Douglas Luiz";"Juventus";19;491;0;0;0;0.69;0.69;1.16;3.94;3.05;0.13;0.13;0.21;0.34;0.34;0.72;0.56
360;"Stanislav Lobotka";"Napoli";32;2678;0;0;1;0.25;0.25;1.27;13.8;13.18;0.01;0.01;0.04;0.05;0.05;0.46;0.44
361;"Marco Silvestri";"Empoli";5;450;0;0;0;0;0;0;0.48;0.48;0;0;0;0;0;0.1;0.1
362;"Mario Hermoso";"Roma";8;228;0;0;0;0.07;0.07;0;0.45;0.45;0.03;0.03;0;0.03;0.03;0.18;0.18
363;"Nicolas Haas";"Empoli";10;270;0;0;0;0.01;0.01;0.19;0.66;0.47;0;0;0.06;0.07;0.07;0.22;0.16
364;"Vanja Milinkovic-Savic";"Torino";37;3330;0;0;0;0;0;0.12;3.7;3.58;0;0;0;0;0;0.1;0.1
365;"Manuel Lazzari";"Lazio";25;1408;0;0;1;0.13;0.13;1.79;4.53;2.96;0.01;0.01;0.11;0.12;0.12;0.29;0.19
366;"Antonin Barak";"Fiorentina";1;57;0;0;0;0.05;0.05;0.25;0.27;0.03;0.08;0.08;0.4;0.48;0.48;0.42;0.04
367;"Mattia Bani";"Genoa";20;1513;0;0;0;1.5;1.5;0.12;4.11;3.99;0.09;0.09;0.01;0.1;0.1;0.24;0.24
368;"Junior Sambia";"Empoli";17;350;0;0;0;0.54;0.54;0.23;1.5;1.24;0.14;0.14;0.06;0.2;0.2;0.38;0.32
369;"Gianluca Scamacca";"Atalanta";1;2;0;0;0;0.13;0.13;0;0.13;0;5.7;5.7;0;5.7;5.7;5.7;0
370;"Valentino Lazaro";"Torino";33;2335;0;0;6;1.25;1.25;3.5;7.49;5.38;0.05;0.05;0.13;0.18;0.18;0.29;0.21
371;"Mathías Olivera";"Napoli";32;2360;0;0;2;1.1;1.1;1.82;13.38;11.29;0.04;0.04;0.07;0.11;0.11;0.51;0.43
372;"Raoul Bellanova";"Atalanta,Torino";35;2505;0;0;9;2.01;2.01;6.16;14.87;9.3;0.07;0.07;0.22;0.29;0.29;0.53;0.33
373;"Ben Kone";"Como";4;43;0;0;0;0.01;0.01;0;0.09;0.09;0.02;0.02;0;0.02;0.02;0.19;0.19
374;"Andy Pelmard";"Lecce";3;124;0;0;0;0;0;0;0.09;0.09;0;0;0;0;0;0.06;0.06
375;"Semuel Pizzignacco";"Monza";9;735;0;0;0;0;0;0;0.03;0.03;0;0;0;0;0;0;0
376;"Charalampos Lykogiannis";"Bologna";17;1056;0;0;4;0.26;0.26;2.01;2.6;1.81;0.02;0.02;0.17;0.19;0.19;0.22;0.15
377;"Rui Patrício";"Atalanta";3;270;0;0;0;0;0;0;0.53;0.53;0;0;0;0;0;0.18;0.18
378;"Mehmet Zeki Çelik";"Roma";31;2270;0;0;2;0.62;0.62;1.86;6.36;5.35;0.02;0.02;0.07;0.1;0.1;0.25;0.21
379;"Remi Oudin";"Lecce";11;285;0;0;0;0.11;0.11;0.39;1.1;0.97;0.04;0.04;0.12;0.16;0.16;0.35;0.31
380;"Bremer";"Juventus";6;540;0;0;0;0.13;0.13;0;2.98;2.96;0.02;0.02;0;0.02;0.02;0.5;0.49
381;"Pietro Terracciano";"Fiorentina";3;270;0;0;0;0;0;0;0.12;0.12;0;0;0;0;0;0.04;0.04
382;"Francesco Caputo";"Empoli";1;1;0;0;0;0;0;0;0.09;0.09;0;0;0;0;0;8.04;8.04
383;"Ismael Bennacer";"AC Milan";6;308;0;0;0;0.05;0.05;0.12;1.4;1.35;0.01;0.01;0.03;0.05;0.05;0.41;0.39
384;"Ivan Provedel";"Lazio";29;2610;0;0;0;0;0;0.24;4.04;3.85;0;0;0.01;0.01;0.01;0.14;0.13
385;"Matteo Pessina";"Monza";11;866;0;0;0;0.18;0.18;0.11;1.67;1.5;0.02;0.02;0.01;0.03;0.03;0.17;0.16
386;"Evan Ndicka";"Roma";38;3420;0;0;1;1;1;1.09;14.56;14.46;0.03;0.03;0.03;0.05;0.05;0.38;0.38
387;"Borna Sosa";"Torino";19;1195;0;0;0;0.21;0.21;0.86;3.2;2.35;0.02;0.02;0.06;0.08;0.08;0.24;0.18
388;"Elia Caprile";"Cagliari,Napoli";22;1945;0;0;0;0;0;0;1.34;1.34;0;0;0;0;0;0.06;0.06
389;"Juan Musso";"Atalanta";1;90;0;0;0;0;0;0;0;0;0;0;0;0;0;0;0
390;"Drissa Camara";"Parma Calcio 1913";21;395;0;0;0;1.3;1.3;0.8;3.54;1.49;0.3;0.3;0.18;0.48;0.48;0.81;0.34
391;"Juan Miranda";"Bologna";31;2271;0;0;6;0.73;0.73;6.94;12.56;10.43;0.03;0.03;0.28;0.3;0.3;0.5;0.41
392;"Nunzio Lella";"Venezia";1;2;0;0;0;0;0;0;0;0;0;0;0;0;0;0;0
393;"Nicolo Rovella";"Lazio";33;2747;0;0;3;1.6;1.6;2.89;12.79;10.81;0.05;0.05;0.09;0.15;0.15;0.42;0.35
394;"Antonio Candela";"Venezia";14;1020;0;0;1;0.21;0.21;0.8;2.94;2.09;0.02;0.02;0.07;0.09;0.09;0.26;0.18
395;"Emerson";"AC Milan";17;1392;0;0;0;0.35;0.35;0.96;5.56;4.9;0.02;0.02;0.06;0.08;0.08;0.36;0.32
396;"Nehuén Pérez";"Udinese";2;180;0;0;0;0;0;0;0;0;0;0;0;0;0;0;0
397;"Lameck Banda";"Lecce";15;592;0;0;1;1.56;1.56;0.98;2.74;0.47;0.24;0.24;0.15;0.39;0.39;0.42;0.07
398;"Ben Godfrey";"Atalanta";1;21;0;0;0;0;0;0;0;0;0;0;0;0;0;0;0
399;"Valentin Gendrey";"Lecce";2;180;0;0;0;0.17;0.17;0.12;0.58;0.31;0.08;0.08;0.06;0.14;0.14;0.29;0.15
400;"Cheikh Niasse";"Verona";11;760;0;0;0;0.17;0.17;0.09;0.94;0.7;0.02;0.02;0.01;0.03;0.03;0.11;0.08
401;"Kingsley Ehizibue";"Udinese";33;2534;0;0;1;1.67;1.67;2.32;7.5;3.72;0.06;0.06;0.08;0.14;0.14;0.27;0.13
402;"Gaetano Castrovilli";"Lazio,Monza";21;725;0;0;0;0.65;0.65;0.93;2.26;0.89;0.08;0.08;0.12;0.2;0.2;0.28;0.11
403;"Szymon Zurkowski";"Empoli";5;90;0;0;0;0.12;0.12;0;0.79;0.67;0.12;0.12;0;0.12;0.12;0.79;0.67
404;"Pawel Dawidowicz";"Verona";26;1864;0;0;0;0.2;0.2;0;3.74;3.72;0.01;0.01;0;0.01;0.01;0.18;0.18
405;"Liam Henderson";"Empoli";36;2358;0;0;4;0.5;0.5;4.14;7.07;4.59;0.02;0.02;0.16;0.18;0.18;0.27;0.18
406;"Sofyan Amrabat";"Fiorentina";2;180;0;0;0;0;0;0.05;0.13;0.11;0;0;0.03;0.03;0.03;0.07;0.05
407;"Tommaso Augello";"Cagliari";38;2724;0;0;7;0.2;0.2;5.07;10.31;7.16;0.01;0.01;0.17;0.17;0.17;0.34;0.24
408;"Morten Thorsby";"Genoa";30;1907;0;0;1;2.9;2.9;2.38;7.65;4.16;0.14;0.14;0.11;0.25;0.25;0.36;0.2
409;"Ruslan Malinovskiy";"Genoa";9;372;0;0;2;0.24;0.24;1.36;2.63;1.52;0.06;0.06;0.33;0.39;0.39;0.64;0.37
410;"Jesse Joronen";"Venezia";8;703;0;0;0;0;0;0;1.26;1.26;0;0;0;0;0;0.16;0.16
411;"Billy Gilmour";"Napoli";26;1161;0;0;1;0.63;0.63;1.5;8;6.56;0.05;0.05;0.12;0.17;0.17;0.62;0.51
412;"Antonino Gallo";"Lecce";31;2624;0;0;2;0.34;0.34;3.28;6.57;4.68;0.01;0.01;0.11;0.12;0.12;0.23;0.16
413;"Yordan Osorio";"Parma Calcio 1913";3;170;0;0;0;0.03;0.03;0.11;0.49;0.38;0.01;0.01;0.06;0.07;0.07;0.26;0.2
414;"Sebastian Walukiewicz";"Empoli,Torino";31;1853;0;0;0;0.39;0.39;0.41;3.65;3.01;0.02;0.02;0.02;0.04;0.04;0.18;0.15
415;"Lloyd Kelly";"Juventus";12;1018;0;0;0;0.62;0.62;0.13;3.03;2.81;0.05;0.05;0.01;0.07;0.07;0.27;0.25
416;"Stefano Turati";"Monza";30;2678;0;0;0;0;0;0;4.34;4.34;0;0;0;0;0;0.15;0.15
417;"Giuseppe Ciocci";"Cagliari";1;3;0;0;0;0;0;0;0;0;0;0;0;0;0;0;0
418;"Andrea Carboni";"Monza";26;2209;0;0;1;0.34;0.34;0.15;4.89;4.65;0.01;0.01;0.01;0.02;0.02;0.2;0.19
419;"Balthazar Pierret";"Lecce";30;1741;0;0;0;0.14;0.14;0.5;4.4;3.92;0.01;0.01;0.03;0.03;0.03;0.23;0.2
420;"Gastón Pereiro";"Genoa";2;26;0;0;0;0;0;0;0.09;0.09;0;0;0;0;0;0.3;0.3
421;"Marin Pongracic";"Fiorentina";20;1380;0;0;0;0.09;0.09;0.44;3.38;3.28;0.01;0.01;0.03;0.04;0.04;0.22;0.21
422;"Filip Stankovic";"Venezia";16;1367;0;0;0;0;0;0;0.55;0.55;0;0;0;0;0;0.04;0.04
423;"Mitchel Bakker";"Atalanta";1;20;0;0;0;0;0;0;0;0;0;0;0;0;0;0;0
424;"Razvan Sava";"Udinese";12;1080;0;0;0;0;0;0;0.18;0.18;0;0;0;0;0;0.02;0.02
425;"Maduka Okoye";"Udinese";25;2250;0;0;0;0;0;0;1.65;1.65;0;0;0;0;0;0.07;0.07
426;"Jean Onana";"Genoa";9;291;0;0;0;0.01;0.01;0.08;0.31;0.21;0;0;0.03;0.03;0.03;0.09;0.07
427;"Oliver Abildgaard";"Como";1;7;0;0;0;0;0;0;0;0;0;0;0;0;0;0;0
428;"Lucas Gourna Douath";"Roma";6;220;0;0;0;0.23;0.23;0.09;1.1;0.83;0.09;0.09;0.04;0.13;0.13;0.45;0.34
429;"Malick Thiaw";"AC Milan";22;1800;0;0;0;0.45;0.45;0.17;9.64;9.56;0.02;0.02;0.01;0.03;0.03;0.48;0.48
430;"Pablo Marí";"Fiorentina,Monza";32;2731;0;0;0;0.32;0.32;0.13;8.42;8.42;0.01;0.01;0;0.02;0.02;0.28;0.28
431;"Filippo Terracciano";"AC Milan";13;527;0;0;0;0.15;0.15;0.09;1.26;1.16;0.03;0.03;0.01;0.04;0.04;0.22;0.2
432;"Botond Balogh";"Parma Calcio 1913";29;2055;0;0;1;0.5;0.5;0.32;4.25;4.23;0.02;0.02;0.01;0.04;0.04;0.19;0.19
433;"Nikola Moro";"Bologna";22;1223;0;0;2;0.47;0.47;1.33;4.54;3.81;0.03;0.03;0.1;0.13;0.13;0.33;0.28
434;"Enzo Ebosse";"Udinese";2;83;0;0;0;0;0;0.05;0.1;0.05;0;0;0.06;0.06;0.06;0.11;0.06
435;"Enzo Le Fée";"Roma";6;317;0;0;0;0.19;0.19;0.13;1.02;0.78;0.05;0.05;0.04;0.09;0.09;0.29;0.22
436;"Flavius Daniliuc";"Verona";18;990;0;0;0;0.13;0.13;0.1;2.45;2.38;0.01;0.01;0.01;0.02;0.02;0.22;0.22
437;"Yunus Musah";"AC Milan";29;1561;0;0;2;2.6;2.6;2.04;9.61;7.55;0.15;0.15;0.12;0.27;0.27;0.55;0.44
438;"Nicolò Casale";"Bologna,Lazio";17;1036;0;0;1;0.27;0.27;0.43;2.39;2.03;0.02;0.02;0.04;0.06;0.06;0.21;0.18
439;"Marco Carnesecchi";"Atalanta";34;3060;0;0;0;0;0;0.3;6.58;6.28;0;0;0.01;0.01;0.01;0.19;0.18
440;"Matteo Ruggeri";"Atalanta";30;1739;0;0;3;0.5;0.5;2.57;10.17;9.3;0.03;0.03;0.13;0.16;0.16;0.53;0.48
441;"Lorenzo Montipò";"Verona";36;3240;0;0;0;0;0;0;1.15;1.15;0;0;0;0;0;0.03;0.03
442;"Hamza Rafia";"Lecce";18;1083;0;0;0;0.4;0.4;1.12;3.56;2.37;0.03;0.03;0.09;0.13;0.13;0.3;0.2
443;"Alberto Paleari";"Torino";1;90;0;0;0;0;0;0;0;0;0;0;0;0;0;0;0
444;"Josep Martínez";"Inter";5;450;0;0;0;0;0;0.06;0.95;0.89;0;0;0.01;0.01;0.01;0.19;0.18
445;"Franco Ezequiel Carboni";"Venezia";8;220;0;0;0;0.01;0.01;0.09;0.2;0.2;0.01;0.01;0.04;0.04;0.04;0.08;0.08
446;"Nahuel Estévez";"Parma Calcio 1913";14;658;0;0;0;0.1;0.1;0.53;1.99;1.58;0.01;0.01;0.07;0.09;0.09;0.27;0.22
447;"Ardian Ismajli";"Empoli";29;2510;0;0;0;0.51;0.51;0.03;2.17;2.15;0.02;0.02;0;0.02;0.02;0.08;0.08
448;"Giorgio Scalvini";"Atalanta";6;284;0;0;0;0.09;0.09;0;0.06;0.02;0.03;0.03;0;0.03;0.03;0.02;0.01
449;"Mihai Valentin Mihaila";"Parma Calcio 1913";21;1315;0;0;3;2.55;2.55;1.37;4.92;1.91;0.17;0.17;0.09;0.27;0.27;0.34;0.13
450;"Viktor Kovalenko";"Empoli";6;61;0;0;0;0.15;0.15;0;0.42;0.4;0.22;0.22;0;0.22;0.22;0.61;0.59
451;"Saba Sazonov";"Torino";1;1;0;0;0;0;0;0;0;0;0;0;0;0;0;0;0
452;"Emil Bohinen";"Genoa";3;158;0;0;0;0.08;0.08;0.09;0.61;0.51;0.05;0.05;0.05;0.1;0.1;0.34;0.29
453;"Antonio Raimondo";"Venezia";9;71;0;0;0;0.51;0.51;0.11;0.62;0;0.65;0.65;0.13;0.78;0.78;0.78;0
454;"Nuno Tavares";"Lazio";23;1725;0;0;8;1.57;1.57;6.45;9.16;5.1;0.08;0.08;0.34;0.42;0.42;0.48;0.27
455;"Silvère Ganvoula";"Monza";7;324;0;0;0;0.39;0.39;0.14;0.56;0.1;0.11;0.11;0.04;0.15;0.15;0.16;0.03
456;"Odilon Kossounou";"Atalanta";18;1126;0;0;0;1.09;1.09;0.07;5.16;4.86;0.09;0.09;0.01;0.09;0.09;0.41;0.39
457;"Petar Stojanovic";"Empoli";1;1;0;0;0;0;0;0;0;0;0;0;0;0;0;0;0
458;"Emmanuel Ekong";"Empoli";15;146;0;0;0;0.13;0.13;0.1;0.62;0.39;0.08;0.08;0.06;0.15;0.15;0.38;0.24
459;"Tyronne Ebuehi";"Empoli";4;64;0;0;0;0;0;0;0.31;0.31;0;0;0;0;0;0.44;0.44
460;"Bjarki Steinn Bjarkason";"Venezia";9;153;0;0;0;0;0;0.05;0.07;0.07;0;0;0.03;0.03;0.03;0.04;0.04
461;"Youssef Maleh";"Empoli";22;1524;0;0;1;1;1;0.9;3.46;2.4;0.06;0.06;0.05;0.11;0.11;0.2;0.14
462;"Pasquale Mazzocchi";"Napoli";20;691;0;0;0;0.33;0.33;0.44;2.24;1.55;0.04;0.04;0.06;0.1;0.1;0.29;0.2
463;"Domen Crnigoj";"Venezia";8;121;0;0;0;0.09;0.09;0;0.18;0.09;0.07;0.07;0;0.07;0.07;0.14;0.07
464;"Rafa Marín";"Napoli";4;133;0;0;0;0.1;0.1;0;0.56;0.55;0.07;0.07;0;0.07;0.07;0.38;0.37
465;"Estanis Pedrola";"Bologna";1;8;0;0;0;0.12;0.12;0.14;0.26;0;1.33;1.33;1.6;2.93;2.93;2.93;0
466;"Arijon Ibrahimovic";"Lazio";1;6;0;0;0;0.06;0.06;0;0.06;0;0.93;0.93;0;0.93;0.93;0.93;0
467;"Michel Aebischer";"Bologna";14;729;0;0;0;0.43;0.43;0.38;1.7;1.27;0.05;0.05;0.05;0.1;0.1;0.21;0.16
468;"Yllan Okou";"Verona";1;1;0;0;0;0;0;0;0;0;0;0;0;0;0;0;0
469;"Simone Pafundi";"Udinese";9;94;0;0;0;0.06;0.06;0.63;0.3;0.21;0.06;0.06;0.6;0.66;0.66;0.28;0.2
470;"Faride Alidou";"Verona";3;63;0;0;0;0.01;0.01;0.01;0.43;0.42;0.02;0.02;0.02;0.04;0.04;0.61;0.59
471;"Mateusz Wieteska";"Cagliari";5;170;0;0;0;0.37;0.37;0.12;0.2;0.09;0.2;0.2;0.06;0.26;0.26;0.11;0.05
472;"James Abankwah";"Udinese";6;70;0;0;0;0.11;0.11;0;0.43;0.31;0.15;0.15;0;0.15;0.15;0.55;0.4
473;"Michele Di Gregorio";"Juventus";33;2970;0;0;0;0;0;0.31;3.53;3.53;0;0;0.01;0.01;0.01;0.11;0.11
474;"Samuele Vignato";"Monza";17;444;0;0;0;0.23;0.23;0.01;0.77;0.53;0.05;0.05;0;0.05;0.05;0.16;0.11
475;"Warren Bondo";"AC Milan,Monza";24;1797;0;0;0;0.42;0.42;0.32;6.93;6.37;0.02;0.02;0.02;0.04;0.04;0.35;0.32
476;"Thórir Helgason";"Lecce";21;1156;0;0;4;1.3;1.3;0.97;2.94;1.46;0.1;0.1;0.08;0.18;0.18;0.23;0.11
477;"Medon Berisha";"Lecce";17;697;0;0;1;0.66;0.66;0.77;1.89;1.06;0.09;0.09;0.1;0.19;0.19;0.24;0.14
478;"Dodô";"Fiorentina";35;3126;0;0;5;1.41;1.41;4.8;13.07;9.2;0.04;0.04;0.14;0.18;0.18;0.38;0.26
479;"Mile Svilar";"Roma";38;3420;0;0;0;0.08;0.08;0;7.25;7.25;0;0;0;0;0;0.19;0.19
480;"Simone Perilli";"Verona";2;180;0;0;0;0;0;0;0.05;0.05;0;0;0;0;0;0.03;0.03
481;"Jhon Lucumí";"Bologna";32;2626;0;0;1;0.79;0.79;0.55;8.9;8.75;0.03;0.03;0.02;0.05;0.05;0.31;0.3
482;"Reda Belahyane";"Lazio,Verona";28;1849;0;0;2;0.19;0.19;1.2;5.8;4.65;0.01;0.01;0.06;0.07;0.07;0.28;0.23
483;"Isak Hien";"Atalanta";30;2336;0;0;0;0.95;0.95;0.08;11.49;11.41;0.04;0.04;0;0.04;0.04;0.44;0.44
484;"Juan Cabal";"Juventus";7;464;0;0;0;0.13;0.13;0.17;3.07;3.04;0.03;0.03;0.03;0.06;0.06;0.59;0.59
485;"Jacopo Seghetti";"Empoli";1;90;0;0;0;0;0;0;0;0;0;0;0;0;0;0;0
486;"Michael Kayode";"Fiorentina";5;118;0;0;0;0.09;0.09;0.28;0.61;0.51;0.07;0.07;0.21;0.29;0.29;0.46;0.39
487;"Ola Solbakken";"Empoli";21;750;0;0;0;0.79;0.79;0.57;1.77;0.46;0.09;0.09;0.07;0.16;0.16;0.21;0.06
488;"Devis Vásquez";"Empoli";32;2880;0;0;0;0;0;0;0.81;0.81;0;0;0;0;0;0.03;0.03
489;"Cyril Ngonge";"Napoli";18;177;0;0;0;0.59;0.59;0.2;0.8;0.16;0.3;0.3;0.1;0.4;0.4;0.41;0.08
490;"Máximo Perrone";"Como";26;1866;0;0;3;0.95;0.95;1.96;9.63;7.24;0.05;0.05;0.09;0.14;0.14;0.46;0.35
491;"Renato Veiga";"Juventus";13;1091;0;0;1;0.82;0.82;0.04;3.34;3.29;0.07;0.07;0;0.07;0.07;0.28;0.27
492;"Alphadjo Cissè";"Verona";2;5;0;0;0;0.04;0.04;0;0.02;0;0.71;0.71;0;0.71;0.71;0.35;0
493;"Aaron Ciammaglichella";"Torino";1;1;0;0;0;0;0;0;0;0;0;0;0;0;0;0;0
494;"Mirko Maric";"Monza,Venezia";18;439;0;0;0;1.13;1.13;0.1;1.12;0.8;0.23;0.23;0.02;0.25;0.25;0.23;0.16
495;"Marco Palestra";"Atalanta";9;213;0;0;0;0;0;0.24;1.33;1.09;0;0;0.1;0.1;0.1;0.56;0.46
496;"Cher Ndour";"Fiorentina";9;397;0;0;0;0.15;0.15;0;1.4;1.32;0.03;0.03;0;0.03;0.03;0.32;0.3
497;"Arthur Atta";"Udinese";27;1223;0;0;1;1.54;1.54;1.75;4.88;2.52;0.11;0.11;0.13;0.24;0.24;0.36;0.19
498;"Luca Marianucci";"Empoli";18;1058;0;0;0;0.63;0.63;0.15;1.95;1.85;0.05;0.05;0.01;0.07;0.07;0.17;0.16
499;"Michael Folorunsho";"Fiorentina,Napoli";20;662;0;0;0;0.62;0.62;0.75;3.05;1.76;0.08;0.08;0.1;0.19;0.19;0.41;0.24
500;"Mohamed Kaba";"Lecce";15;422;0;0;0;0.65;0.65;0.03;0.97;0.86;0.14;0.14;0.01;0.14;0.14;0.21;0.18
501;"Rares Burnete";"Lecce";4;17;0;0;0;0.06;0.06;0;0.06;0;0.3;0.3;0;0.3;0.3;0.3;0
502;"Alberto Dossena";"Como";23;1834;0;0;2;0.66;0.66;1.22;3.44;3.35;0.03;0.03;0.06;0.09;0.09;0.17;0.16
503;"Paulo Azzi";"Cagliari";6;437;0;0;0;0.66;0.66;0.8;2.4;1.77;0.14;0.14;0.16;0.3;0.3;0.5;0.37
504;"Antoine Makoumbou";"Cagliari";33;2189;0;0;3;0.2;0.2;0.9;8.03;7.41;0.01;0.01;0.04;0.05;0.05;0.33;0.3
505;"Matteo Prati";"Cagliari";12;579;0;0;0;0.07;0.07;0.5;1.22;0.98;0.01;0.01;0.08;0.09;0.09;0.19;0.15
506;"Sam Beukema";"Bologna";35;3010;0;0;1;1.66;1.66;1.19;9.02;8.62;0.05;0.05;0.04;0.09;0.09;0.27;0.26
507;"Oussama El Azzouzi";"Bologna";2;11;0;0;0;0;0;0;0.06;0.06;0;0;0;0;0;0.46;0.46
508;"Davide Bartesaghi";"AC Milan";4;115;0;0;0;0.03;0.03;0.14;0.91;0.84;0.02;0.02;0.11;0.14;0.14;0.71;0.66
509;"Kevin Zeroli";"AC Milan,Monza";9;404;0;0;1;0.5;0.5;0.62;1.33;0.27;0.11;0.11;0.14;0.25;0.25;0.3;0.06
510;"Walid Cheddira";"Napoli";1;5;0;0;0;0;0;0.06;0.06;0;0;0;1.15;1.15;1.15;1.15;0
511;"Marcus Pedersen";"Torino";29;1349;0;0;0;0.84;0.84;0.31;2.57;1.56;0.06;0.06;0.02;0.08;0.08;0.17;0.1
512;"Christos Mandas";"Lazio";9;810;0;0;0;0;0;0;2.29;2.29;0;0;0;0;0;0.25;0.25
513;"Alan Matturro";"Genoa";13;888;0;0;0;0.16;0.16;0.23;1.36;1.09;0.02;0.02;0.02;0.04;0.04;0.14;0.11
514;"Tomás Suslov";"Verona";31;2123;0;0;1;1.68;1.68;2.04;7.89;5.55;0.07;0.07;0.09;0.16;0.16;0.33;0.24
515;"Alejandro Jiménez";"AC Milan";22;1285;0;0;1;1.28;1.28;1.69;7.94;5.33;0.09;0.09;0.12;0.21;0.21;0.56;0.37
516;"Francesco Camarda";"AC Milan";10;194;0;0;0;0.52;0.52;0.28;1.52;0.88;0.24;0.24;0.13;0.37;0.37;0.7;0.41
517;"Alberto Manzoni";"Atalanta";1;1;0;0;0;0.03;0.03;0;0.03;0;2.95;2.95;0;2.95;2.95;2.95;0
518;"Stefan Lekovic";"Monza";7;355;0;0;0;0.07;0.07;0;0.23;0.23;0.02;0.02;0;0.02;0.02;0.06;0.06
519;"Tajon Buchanan";"Inter";6;79;0;0;0;0;0;0.06;0.28;0.21;0;0;0.07;0.07;0.07;0.32;0.24
520;"Kingstone Mutandwa";"Cagliari";6;102;0;0;0;0.21;0.21;0;1.04;0.83;0.18;0.18;0;0.18;0.18;0.92;0.73
521;"Omari Forson";"Monza";9;198;0;0;0;0.43;0.43;0.32;0.87;0.19;0.19;0.19;0.15;0.34;0.34;0.4;0.09
522;"Saba Goglichidze";"Empoli";33;2560;0;0;1;0.26;0.26;0.37;2.41;1.96;0.01;0.01;0.01;0.02;0.02;0.08;0.07
523;"Andrea Mazza";"Monza";1;7;0;0;0;0;0;0;0;0;0;0;0;0;0;0;0
524;"Dani Silva";"Verona";11;398;0;0;0;0.03;0.03;0.15;1.55;1.4;0.01;0.01;0.03;0.04;0.04;0.35;0.32
525;"David Ankeye";"Genoa";4;38;0;0;0;0;0;0;0;0;0;0;0;0;0;0;0
526;"Maat Caprini";"Fiorentina";2;7;0;0;0;0;0;0;0;0;0;0;0;0;0;0;0
527;"Matteo Palma";"Udinese";1;2;0;0;0;0;0;0;0;0;0;0;0;0;0;0;0
528;"Junior Ajayi";"Verona";2;10;0;0;0;0;0;0;0;0;0;0;0;0;0;0;0
529;"Federico Accornero";"Genoa";1;1;0;0;0;0;0;0;0;0;0;0;0;0;0;0;0
530;"Honest Ahanor";"Genoa";6;263;0;0;0;0.7;0.7;0.06;0.53;0.07;0.24;0.24;0.02;0.26;0.26;0.18;0.02
531;"Zion Suzuki";"Parma Calcio 1913";37;3319;0;0;0;0;0;0;5.4;5.4;0;0;0;0;0;0.15;0.15
532;"Woyo Coulibaly";"Parma Calcio 1913";14;1082;0;0;1;0.11;0.11;1.3;3.64;2.44;0.01;0.01;0.11;0.12;0.12;0.3;0.2
533;"Alessandro Circati";"Parma Calcio 1913";6;540;0;0;0;0.18;0.18;0.02;1;0.98;0.03;0.03;0;0.03;0.03;0.17;0.16
534;"Mateusz Kowalski";"Parma Calcio 1913";1;61;0;0;0;0.55;0.55;0;0.57;0.02;0.81;0.81;0;0.81;0.81;0.84;0.03
535;"Lorenzo Tosto";"Empoli";1;1;0;0;0;0;0;0;0;0;0;0;0;0;0;0;0
536;"Álex Valle";"Como";15;1042;0;0;0;0.33;0.33;0.52;3.68;3.07;0.03;0.03;0.04;0.07;0.07;0.32;0.27
537;"Jesper Karlström";"Udinese";37;3201;0;0;3;1.02;1.02;1.68;8.54;6.68;0.03;0.03;0.05;0.08;0.08;0.24;0.19
538;"Martin Frese";"Verona";11;543;0;0;0;0.06;0.06;0.26;1.29;1;0.01;0.01;0.04;0.05;0.05;0.21;0.17
539;"Daniele Ghilardi";"Verona";24;2029;0;0;0;0.53;0.53;0.19;1.45;1.28;0.02;0.02;0.01;0.03;0.03;0.06;0.06
540;"Alen Sherri";"Cagliari";7;627;0;0;0;0;0;0.02;0.12;0.12;0;0;0;0;0;0.02;0.02
541;"Mattia Felici";"Cagliari";20;908;0;0;3;1.09;1.09;1.22;3.39;2.59;0.11;0.11;0.12;0.23;0.23;0.34;0.26
542;"Samuel Dahl";"Roma";2;39;0;0;0;0;0;0;0.06;0.06;0;0;0;0;0;0.15;0.15
543;"Richie Sagrado";"Venezia";3;145;0;0;0;0.03;0.03;0;0.06;0.03;0.02;0.02;0;0.02;0.02;0.04;0.02
544;"Issa Doumbia";"Venezia";24;922;0;0;0;1.56;1.56;0.12;2.52;1.29;0.15;0.15;0.01;0.16;0.16;0.25;0.13
545;"Kialonda Gaspar";"Lecce";24;2148;0;0;1;0.77;0.77;1.03;3.65;3.56;0.03;0.03;0.04;0.08;0.08;0.15;0.15
546;"Filip Marchwinski";"Lecce";1;13;0;0;0;0;0;0;0;0;0;0;0;0;0;0;0
547;"Federico Cassa";"Atalanta";2;7;0;0;0;0;0;0;0;0;0;0;0;0;0;0;0
548;"Jonas Rouhi";"Juventus";5;206;0;0;0;0;0;0;0.32;0.32;0;0;0;0;0;0.14;0.14
549;"Marco Sala";"Como,Lecce";10;325;0;0;0;0;0;0.42;0.72;0.41;0;0;0.12;0.12;0.12;0.2;0.11
550;"Matthias Braunöder";"Como";8;267;0;0;0;0.06;0.06;0;0.04;0.04;0.02;0.02;0;0.02;0.02;0.01;0.01
551;"Alessandro Marcandalli";"Genoa,Venezia";10;407;0;0;0;0.57;0.57;0;0.26;0.26;0.13;0.13;0;0.13;0.13;0.06;0.06
552;"Saad El Haddad";"Venezia";3;23;0;0;0;0;0;0.02;0.03;0.02;0;0;0.07;0.07;0.07;0.14;0.06
553;"Alessio Iovine";"Como";10;373;0;0;0;0.02;0.02;0.2;0.75;0.64;0;0;0.05;0.05;0.05;0.18;0.16
554;"Ali Jasim";"Como";2;8;0;0;0;0;0;0;0;0;0;0;0;0;0;0;0
555;"Lorenzo Anghelè";"Juventus";1;2;0;0;0;0;0;0;0;0;0;0;0;0;0;0;0
556;"Joël Schingtienne";"Venezia";16;1124;0;0;0;0;0;0.1;0.44;0.42;0;0;0.01;0.01;0.01;0.03;0.03
557;"Vanja Vlahovic";"Atalanta";3;56;0;0;0;0.08;0.08;0.13;0.21;0;0.12;0.12;0.22;0.34;0.34;0.34;0
558;"Gaby Jean";"Lecce";19;1384;0;0;0;0.08;0.08;0.06;2.02;2.02;0;0;0;0.01;0.01;0.13;0.13
559;"Lior Kasa";"Genoa";8;221;0;0;0;0.89;0.89;0.04;1.47;0.62;0.36;0.36;0.02;0.38;0.38;0.6;0.25
560;"Damián Pizarro";"Udinese";2;12;0;0;0;0;0;0;0;0;0;0;0;0;0;0;0
561;"Ignace Van der Brempt";"Como";20;1256;0;0;1;0.57;0.57;0.43;2.98;2.44;0.04;0.04;0.03;0.07;0.07;0.21;0.18
562;"Saud Abdulhamid";"Roma";4;208;0;0;1;0.01;0.01;0.38;1.15;0.75;0.01;0.01;0.16;0.17;0.17;0.5;0.33
563;"Ismael Konaté";"Empoli";12;87;0;0;1;0.43;0.43;0.03;0.46;0;0.44;0.44;0.03;0.47;0.47;0.47;0
564;"Vasilije Adzic";"Juventus";6;33;0;0;0;0.03;0.03;0;0.1;0.07;0.07;0.07;0;0.07;0.07;0.27;0.19
565;"Matías Moreno";"Fiorentina";4;144;0;0;0;0;0;0.04;0.06;0.04;0;0;0.03;0.03;0.03;0.04;0.02
566;"Tomás Palacios";"Inter,Monza";10;447;0;0;0;0.04;0.04;0;0.51;0.51;0.01;0.01;0;0.01;0.01;0.1;0.1
567;"Mandela Keita";"Parma Calcio 1913";30;1852;0;0;2;0.1;0.1;1.21;6.09;5.13;0;0;0.06;0.06;0.06;0.3;0.25
568;"Rui Modesto";"Udinese";20;581;0;0;1;0.51;0.51;0.68;1.94;1.09;0.08;0.08;0.1;0.18;0.18;0.3;0.17
569;"Fellipe Jack";"Como";7;162;0;0;0;0;0;0.1;0.13;0.03;0;0;0.06;0.06;0.06;0.07;0.02
570;"Kevin Martins";"Monza";9;163;0;0;1;0;0;0.4;0.76;0.76;0;0;0.22;0.22;0.22;0.42;0.42
571;"Brooke Norton-Cuffy";"Genoa";14;726;0;0;0;0.22;0.22;0.11;1.32;0.99;0.03;0.03;0.01;0.04;0.04;0.16;0.12
572;"Mattia Liberali";"AC Milan";1;63;0;0;0;0.07;0.07;0.08;0.31;0.18;0.1;0.1;0.11;0.21;0.21;0.44;0.26
573;"Tommaso Gabellini";"Torino";1;8;0;0;0;0.02;0.02;0;0.02;0;0.19;0.19;0;0.19;0.19;0.19;0
574;"Adrian Benedyczak";"Parma Calcio 1913";9;195;0;0;0;0.17;0.17;0.04;0.28;0.06;0.08;0.08;0.02;0.1;0.1;0.13;0.03
575;"Tommaso Rubino";"Fiorentina";1;5;0;0;0;0;0;0.09;0.09;0;0;0;1.64;1.64;1.64;1.64;0
576;"Jacopo Bacci";"Empoli";3;24;0;0;0;0;0;0;0.54;0.54;0;0;0;0;0;2.01;2.01
577;"Diego Pugno";"Juventus";1;5;0;0;0;0;0;0.05;0.05;0;0;0;0.94;0.94;0.94;0.94;0
578;"Thomas Campaniello";"Empoli";3;19;0;0;0;0.36;0.36;0;0.37;0.37;1.72;1.72;0;1.72;1.72;1.77;1.77
579;"Sergiu Perciun";"Torino";5;133;0;0;0;0.06;0.06;0.07;0.56;0.43;0.04;0.04;0.04;0.09;0.09;0.38;0.29
580;"Nicolás Valentini";"Verona";14;1139;0;0;0;0.27;0.27;0.77;1.06;0.4;0.02;0.02;0.06;0.08;0.08;0.08;0.03
581;"Bob Omoregbe";"AC Milan";1;2;0;0;0;0;0;0;0;0;0;0;0;0;0;0;0
582;"Mathias Løvik";"Parma Calcio 1913";6;77;0;0;0;0.14;0.14;0.12;0.49;0.23;0.16;0.16;0.14;0.3;0.3;0.57;0.26
583;"Cheick Conde";"Venezia";9;136;0;0;0;0;0;0.01;0.44;0.43;0;0;0.01;0.01;0.01;0.29;0.28
584;"Luka Topalovic";"Inter";1;5;0;0;0;0;0;0;0;0;0;0;0;0;0;0;0
585;"Alberto Costa";"Juventus";9;342;0;0;1;1.03;1.03;0.12;3.01;2.25;0.27;0.27;0.03;0.3;0.3;0.79;0.59
586;"Devyne Rensch";"Roma";14;458;0;0;1;0.62;0.62;0.76;2.32;2.19;0.12;0.12;0.15;0.27;0.27;0.46;0.43
587;"Danilo Veiga";"Lecce";13;332;0;0;0;0.72;0.72;0.33;1.67;0.81;0.2;0.2;0.09;0.28;0.28;0.45;0.22
588;"Tiago Gabriel";"Lecce";2;92;0;0;0;0;0;0;0.05;0.05;0;0;0;0;0;0.04;0.04
589;"Arvid Brorsson";"Monza";6;357;0;0;0;0;0;0;0.82;0.82;0;0;0;0;0;0.21;0.21
590;"Daniel Oyegoke";"Verona";5;91;0;0;0;0.01;0.01;0;0;0;0.01;0.01;0;0.01;0.01;0;0
591;"Benjamin Siegrist";"Genoa";2;154;0;0;0;0;0;0;0;0;0;0;0;0;0;0;0
592;"Ivan Smolcic";"Como";9;627;0;0;0;0.78;0.78;0.12;1.13;0.91;0.11;0.11;0.02;0.13;0.13;0.16;0.13
593;"Oliver Provstgaard";"Lazio";2;27;0;0;0;0;0;0;0.04;0.04;0;0;0;0;0;0.12;0.12
594;"Victor Nelsson";"Roma";4;179;0;0;0;0.05;0.05;0;0.6;0.6;0.02;0.02;0;0.02;0.02;0.3;0.3
595;"Anass Salah-Eddine";"Roma";3;156;0;0;1;0.46;0.46;0.05;2.12;1.63;0.27;0.27;0.03;0.29;0.29;1.22;0.94
596;"Konan N’Dri";"Lecce";11;285;0;0;0;0.48;0.48;0.15;0.52;0.12;0.15;0.15;0.05;0.2;0.2;0.16;0.04
597;"Sebastian Otoa";"Genoa";3;183;0;0;0;0;0;0;0.08;0.08;0;0;0;0;0;0.04;0.04
598;"Nicola Pintus";"Cagliari";1;1;0;0;0;0;0;0;0;0;0;0;0;0;0;0;0
599;"Alessio Cacciamani";"Torino";2;21;0;0;0;0;0;0;0.3;0.3;0;0;0;0;0;1.27;1.27
